X1,X2,U
0,0,0
0,0,0.099998333
0,0.000199997,0.199986667
2.00E-06,0.00059917,0.299955002
7.99E-06,0.001196643,0.399893342
2.00E-05,0.001991484,0.499791693
3.99E-05,0.002982702,0.599640065
6.97E-05,0.004169254,0.699428473
0.000111392,0.00555004,0.79914694
0.000166893,0.007123906,0.898785492
0.000238132,0.008889643,0.998334166
0.000327028,0.01084599,1.097783008
0.000435488,0.012991632,1.197122073
0.000565405,0.0153252,1.296341426
0.000718657,0.017845274,1.395431146
0.000897109,0.020550382,1.494381325
0.001102613,0.023439001,1.593182066
0.001337003,0.026509556,1.691823491
0.001602099,0.029760425,1.790295734
0.001899703,0.033189933,1.88858895
0.002231602,0.036796357,1.986693308
0.002599566,0.040577926,2.084598998
0.003005345,0.044532821,2.182296231
0.003450673,0.048659175,2.279775235
0.003937265,0.052955076,2.377026264
0.004466816,0.057418563,2.474039593
0.005041001,0.062047631,2.570805519
0.005661478,0.066840232,2.667314367
0.00632988,0.07179427,2.763556486
0.007047823,0.076907608,2.859522251
0.007816899,0.082178066,2.955202067
0.00863868,0.08760342,3.050586364
0.009514714,0.093181405,3.145665606
0.010446528,0.098909717,3.240430284
0.011435625,0.104786008,3.334870921
0.012483485,0.110807893,3.428978075
0.013591564,0.116972948,3.522742333
0.014761293,0.123278709,3.61615432
0.015994081,0.129722677,3.709204694
0.017291307,0.136302314,3.801884151
0.01865433,0.143015047,3.894183423
0.020084481,0.149858267,3.98609328
0.021583064,0.156829331,4.077604531
0.023151357,0.163925562,4.168708024
0.024790613,0.171144248,4.259394651
0.026502055,0.178482648,4.349655341
0.028286881,0.185937987,4.43948107
0.030146261,0.19350746,4.528862854
0.032081336,0.201188231,4.617791755
0.034093218,0.208977435,4.706258882
0.036182993,0.216872178,4.794255386
0.038351714,0.22486954,4.881772469
0.04060041,0.232966573,4.968801378
0.042930076,0.241160301,5.055333412
0.045341679,0.249447725,5.141359917
0.047836156,0.257825821,5.226872289
0.050414414,0.266291539,5.311861979
0.053077329,0.274841808,5.396320487
0.055825747,0.283473535,5.480239368
0.058660483,0.292183605,5.563610229
0.061582319,0.300968881,5.646424734
0.064592008,0.309826209,5.728674601
0.06769027,0.318752413,5.810351605
0.070877794,0.327744301,5.891447579
0.074155237,0.336798663,5.971954414
0.077523224,0.345912273,6.051864057
0.080982346,0.355081887,6.13116852
0.084533165,0.36430425,6.20985987
0.088176208,0.373576089,6.28793024
0.091911969,0.382894121,6.365371822
0.09574091,0.392255049,6.442176872
0.09966346,0.401655565,6.51833771
0.103680016,0.411092349,6.59384672
0.107790939,0.420562072,6.66869635
0.11199656,0.430061398,6.742879116
0.116297174,0.439586979,6.8163876
0.120693044,0.449135463,6.889214451
0.125184399,0.458703489,6.961352386
0.129771433,0.468287692,7.032794192
0.13445431,0.477884701,7.103532724
0.139233157,0.487491142,7.173560909
0.144108069,0.497103636,7.242871744
0.149079105,0.506718803,7.311458297
0.154146293,0.516333262,7.379313711
0.159309626,0.525943631,7.4464312
0.164569062,0.535546526,7.512804051
0.169924527,0.545138567,7.578425629
0.175375913,0.554716374,7.64328937
0.180923077,0.564276569,7.707388789
0.186565842,0.573815778,7.770717475
0.192304,0.583330633,7.833269096
0.198137307,0.592817769,7.895037397
0.204065484,0.602273827,7.9560162
0.210088223,0.611695454,8.016199409
0.216205177,0.621079307,8.075581004
0.22241597,0.630422048,8.134155048
0.228720191,0.63972035,8.191915683
0.235117394,0.648970896,8.248857133
0.241607103,0.658170379,8.304973705
0.248188807,0.667315503,8.360259786
0.254861962,0.676402984,8.414709848
0.261625992,0.685429553,8.468318446
0.268480287,0.694391952,8.521080219
0.275424207,0.703286939,8.572989892
0.282457076,0.712111287,8.624042272
0.289578189,0.720861784,8.674232256
0.296786807,0.729535238,8.723554823
0.304082159,0.738128471,8.772005043
0.311463444,0.746638324,8.819578069
0.318929827,0.755061658,8.866269144
0.326480444,0.763395353,8.912073601
0.334114397,0.77163631,8.956986857
0.34183076,0.77978145,9.001004422
0.349628575,0.787827718,9.044121894
0.357506852,0.795772079,9.086334961
0.365464573,0.803611524,9.127639403
0.373500688,0.811343065,9.168031088
0.381614119,0.818963741,9.207505977
0.389803756,0.826470616,9.246060124
0.398068462,0.833860779,9.283689672
0.40640707,0.841131346,9.32039086
0.414818384,0.848279461,9.356160016
0.423301178,0.855302295,9.390993563
0.431854201,0.862197049,9.424888019
0.440476172,0.868960953,9.457839994
0.449165781,0.875591266,9.489846194
0.457921694,0.882085278,9.520903416
0.466742547,0.88844031,9.551008556
0.47562695,0.894653715,9.580158603
0.484573487,0.900722878,9.608350642
0.493580716,0.906645218,9.635581854
0.502647168,0.912418186,9.661849516
0.51177135,0.918039269,9.687151001
0.520951742,0.923505987,9.711483779
0.530186802,0.928815896,9.734845417
0.539474961,0.933966587,9.757233578
0.548814627,0.938955689,9.778646024
0.558204184,0.943780866,9.799080614
0.567641993,0.94843982,9.818535304
0.577126391,0.952930291,9.837008148
0.586655694,0.957250058,9.8544973
0.596228194,0.961396939,9.87100101
0.605842164,0.965368789,9.886517629
0.615495852,0.969163506,9.901045603
0.625187487,0.972779026,9.914583482
0.634915277,0.976213327,9.92712991
0.64467741,0.979464428,9.938683634
0.654472054,0.98253039,9.949243498
0.664297358,0.985409314,9.958808445
0.674151452,0.988099347,9.96737752
0.684032445,0.990598675,9.974949866
0.693938432,0.992905531,9.981524725
0.703867487,0.99501819,9.98710144
0.713817669,0.99693497,9.991679453
0.723787019,0.998654236,9.995258306
0.733773561,1.000174395,9.997837642
0.743775305,1.001493902,9.999417202
0.753790244,1.002611255,9.999996829
0.763816357,1.003524998,9.999576465
0.773851607,1.004233724,9.998156151
0.783893944,1.004736069,9.99573603
0.793941304,1.005030718,9.992316344
0.803991612,1.005116402,9.987897435
0.814042776,1.004991899,9.982479744
0.824092695,1.004656035,9.976063813
0.834139255,1.004107685,9.968650285
0.844180332,1.00334577,9.960239899
0.85421379,1.00236926,9.950833498
0.864237482,1.001177174,9.940432022
0.874249254,0.99976858,9.929036511
0.88424694,0.998142593,9.916648105
0.894228366,0.99629838,9.903268042
0.904191349,0.994235156,9.88889766
0.914133701,0.991952183,9.873538397
0.924053223,0.989448777,9.857191788
0.933947711,0.986724301,9.839859469
0.943814954,0.983778169,9.821543171
0.953652735,0.980609843,9.802244728
0.963458834,0.977218839,9.781966068
0.973231022,0.973604719,9.76070922
0.982967069,0.969767098,9.738476309
0.99266474,0.965705641,9.715269558
1.002321797,0.961420063,9.691091289
1.011935997,0.956910129,9.665943918
1.021505099,0.952175656,9.639829962
1.031026855,0.947216512,9.61275203
1.04049902,0.942032613,9.584712831
1.049919346,0.936623927,9.555715169
1.059285586,0.930990475,9.525761943
1.06859549,0.925132325,9.494856149
1.077846814,0.919049599,9.463000877
1.08703731,0.912742466,9.430199313
1.096164734,0.906211148,9.396454737
1.105226846,0.899455918,9.361770523
1.114221405,0.892477099,9.32615014
1.123146176,0.885275063,9.28959715
1.131998927,0.877850233,9.252115208
1.140777429,0.870203084,9.213708062
1.14947946,0.862334139,9.174379553
1.158102801,0.854243973,9.134133613
1.166645241,0.845933208,9.092974268
1.175104573,0.837402519,9.050905633
1.183478598,0.828652629,9.007931915
1.191765124,0.81968431,8.964057412
1.199961968,0.810498385,8.91928651
1.208066951,0.801095725,8.873623686
1.216077909,0.791477251,8.827073508
1.223992681,0.781643931,8.77964063
1.23180912,0.771596782,8.731329795
1.239525088,0.761336873,8.682145834
1.247138457,0.750865315,8.632093666
1.25464711,0.740183272,8.581178296
1.262048943,0.729291953,8.529404816
1.269341862,0.718192616,8.476778401
1.276523789,0.706886565,8.423304316
1.283592654,0.695375152,8.368987908
1.290546406,0.683659774,8.313834608
1.297383004,0.671741876,8.257849931
1.304100422,0.659622948,8.201039476
1.310696652,0.647304527,8.143408924
1.317169697,0.634788194,8.084964038
1.323517579,0.622075575,8.025710662
1.329738335,0.609168342,7.965654722
1.335830018,0.596068212,7.904802223
1.3417907,0.582776943,7.843159251
1.34761847,0.56929634,7.780731969
1.353311433,0.555628249,7.71752662
1.358867716,0.541774561,7.653549525
1.364285461,0.527737207,7.588807082
1.369562833,0.513518163,7.523305764
1.374698015,0.499119445,7.457052122
1.379689209,0.484543112,7.390052781
1.38453464,0.46979126,7.32231444
1.389232553,0.454866032,7.253843875
1.393781213,0.439769604,7.184647931
1.398178909,0.424504197,7.114733528
1.402423951,0.409072069,7.044107658
1.406514672,0.393475517,6.972777383
1.410449427,0.377716877,6.900749836
1.414226596,0.36179852,6.828032219
1.417844581,0.345722859,6.754631806
1.42130181,0.329492339,6.680555934
1.424596733,0.313109446,6.605812013
1.427727828,0.296576697,6.530407516
1.430693595,0.279896649,6.454349983
1.433492561,0.26307189,6.377647021
1.43612328,0.246105046,6.3003063
1.43858433,0.228998772,6.222335553
1.440874318,0.211755762,6.143742578
1.442991876,0.194378737,6.064535234
1.444935663,0.176870455,5.984721441
1.446704368,0.159233703,5.904309181
1.448296705,0.141471299,5.823306495
1.449711418,0.123586093,5.741721484
1.450947279,0.105580963,5.659562304
1.452003088,0.087458819,5.576837174
1.452877677,0.069222596,5.493554364
1.453569902,0.050875261,5.409722204
1.454078655,0.032419806,5.325349076
1.454402853,0.013859252,5.240443417
1.454541446,-0.004803355,5.155013718
1.454493412,-0.023564943,5.069068522
1.454257763,-0.042422415,4.982616424
1.453833539,-0.061372648,4.895666068
1.453219812,-0.080412496,4.80822615
1.452415687,-0.09953879,4.720305413
1.451420299,-0.118748337,4.631912649
1.450232816,-0.138037925,4.543056698
1.448852437,-0.157404316,4.453746445
1.447278393,-0.176844254,4.363990822
1.445509951,-0.196354464,4.273798802
1.443546406,-0.215931647,4.183179407
1.44138709,-0.23557249,4.092141697
1.439031365,-0.255273658,4.000694776
1.436478628,-0.275031802,3.908847789
1.43372831,-0.294843551,3.816609921
1.430779875,-0.314705523,3.723990394
1.42763282,-0.334614318,3.630998472
1.424286676,-0.35456652,3.537643453
1.420741011,-0.374558701,3.443934673
1.416995424,-0.394587417,3.349881502
1.41304955,-0.414649213,3.255493345
1.408903058,-0.43474062,3.160779642
1.404555652,-0.45485816,3.065749864
1.40000707,-0.47499834,2.970413513
1.395257087,-0.495157661,2.874780123
1.39030551,-0.515332612,2.778859258
1.385152184,-0.535519673,2.682660509
1.379796987,-0.555715317,2.586193497
1.374239834,-0.575916009,2.489467867
1.368480674,-0.596118206,2.392493292
1.362519492,-0.61631836,2.29527947
1.356356308,-0.636512917,2.197836122
1.349991179,-0.656698319,2.100172993
1.343424196,-0.676871004,2.002299847
1.336655486,-0.697027404,1.904226474
1.329685212,-0.717163951,1.805962679
1.322513572,-0.737277074,1.70751829
1.315140802,-0.757363201,1.60890315
1.30756717,-0.777418758,1.510127121
1.299792982,-0.797440172,1.411200081
1.29181858,-0.817423871,1.312131922
1.283644342,-0.837366283,1.21293255
1.275270679,-0.857263839,1.113611887
1.26669804,-0.877112974,1.014179863
1.257926911,-0.896910123,0.914646422
1.248957809,-0.916651728,0.815021518
1.239791292,-0.936334234,0.715315111
1.23042795,-0.955954093,0.615537174
1.220868409,-0.975507761,0.515697684
1.211113331,-0.994991703,0.415806624
1.201163414,-1.014402389,0.315873984
1.19101939,-1.0337363,0.215909757
1.180682027,-1.052989923,0.115923939
1.170152128,-1.072159756,0.015926529
1.15943053,-1.091242307,-0.084072474
1.148518107,-1.110234093,-0.184063069
1.137415766,-1.129131645,-0.284035259
1.12612445,-1.147931504,-0.383979045
1.114645135,-1.166630225,-0.483884434
1.102978833,-1.185224376,-0.583741434
1.091126589,-1.203710538,-0.683540061
1.079089484,-1.222085308,-0.783270335
1.066868631,-1.240345297,-0.882922282
1.054465178,-1.258487133,-0.982485937
1.041880306,-1.27650746,-1.081951345
1.029115232,-1.294402939,-1.181308559
1.016171202,-1.312170249,-1.280547643
1.0030495,-1.329806087,-1.379658673
0.989751439,-1.34730717,-1.478631738
0.976278367,-1.364670234,-1.577456941
0.962631665,-1.381892034,-1.6761244
0.948812744,-1.398969348,-1.774624248
0.934823051,-1.415898974,-1.872946635
0.920664061,-1.432677732,-1.971081729
0.906337284,-1.449302466,-2.069019717
0.891844259,-1.465770041,-2.166750804
0.877186559,-1.482077348,-2.264265218
0.862365785,-1.4982213,-2.361553207
0.847383572,-1.514198837,-2.458605043
0.832241584,-1.530006923,-2.55541102
0.816941515,-1.545642549,-2.651961459
0.801485089,-1.561102732,-2.748246703
0.785874062,-1.576384517,-2.844257125
0.770110217,-1.591484974,-2.939983124
0.754195367,-1.606401205,-3.035415127
0.738131355,-1.621130337,-3.130543591
0.721920052,-1.63566953,-3.225359003
0.705563356,-1.650015971,-3.319851882
0.689063197,-1.664166878,-3.414012779
0.672421528,-1.6781195,-3.507832277
0.655640333,-1.691871117,-3.601300995
0.638721622,-1.705419042,-3.694409585
0.621667431,-1.718760617,-3.787148738
0.604479825,-1.731893221,-3.879509179
0.587160893,-1.744814263,-3.971481673
0.56971275,-1.757521187,-4.063057021
0.552137538,-1.770011471,-4.154226068
0.534437424,-1.782282628,-4.244979695
0.516614597,-1.794332205,-4.335308828
0.498671275,-1.806157786,-4.425204433
0.480609697,-1.817756989,-4.514657522
0.462432128,-1.82912747,-4.603659148
0.444140853,-1.840266921,-4.692200413
0.425738184,-1.851173072,-4.780272461
0.407226453,-1.861843688,-4.867866487
0.388608016,-1.872276575,-4.954973729
0.36988525,-1.882469577,-5.041585479
0.351060555,-1.892420574,-5.127693074
0.332136349,-1.902127489,-5.213287904
0.313115074,-1.911588282,-5.298361409
0.293999191,-1.920800953,-5.382905083
0.274791182,-1.929763543,-5.466910471
0.255493546,-1.938474134,-5.550369172
0.236108805,-1.946930847,-5.633272841
0.216639496,-1.955131845,-5.715613187
0.197088178,-1.963075334,-5.797381977
0.177457425,-1.97075956,-5.878571034
0.157749829,-1.978182812,-5.959172238
0.137968001,-1.985343422,-6.03917753
0.118114567,-1.992239764,-6.118578909
0.098192169,-1.998870254,-6.197368436
0.078203466,-2.005233353,-6.275538231
0.058151133,-2.011327565,-6.353080477
0.038037857,-2.017151439,-6.429987421
0.017866343,-2.022703565,-6.506251371
-0.002360693,-2.02798258,-6.581864701
-0.022640519,-2.032987165,-6.65681985
-0.04297039,-2.037716046,-6.731109323
-0.063347551,-2.042167993,-6.804725691
-0.083769231,-2.046341821,-6.877661592
-0.104232649,-2.050236392,-6.949909732
-0.124735013,-2.053850613,-7.021462887
-0.145273519,-2.057183436,-7.092313902
-0.165845353,-2.06023386,-7.162455691
-0.186447692,-2.063000929,-7.231881241
-0.207077701,-2.065483734,-7.300583608
-0.227732539,-2.067681412,-7.368555924
-0.248409353,-2.069593148,-7.435791389
-0.269105284,-2.071218171,-7.502283282
-0.289817466,-2.072555759,-7.568024953
-0.310543023,-2.073605237,-7.633009828
-0.331279076,-2.074365975,-7.697231408
-0.352022736,-2.074837392,-7.760683271
-0.372771109,-2.075018954,-7.823359072
-0.393521299,-2.074910175,-7.885252544
-0.414270401,-2.074510613,-7.946357498
-0.435015507,-2.073819877,-8.006667822
-0.455753706,-2.072837623,-8.066177486
-0.476482082,-2.071563554,-8.124880539
-0.497197717,-2.069997419,-8.182771111
-0.517897692,-2.068139017,-8.239843412
-0.538579082,-2.065988194,-8.296091736
-0.559238964,-2.063544843,-8.351510458
-0.579874412,-2.060808906,-8.406094036
-0.600482501,-2.05778037,-8.459837011
-0.621060305,-2.054459272,-8.512734009
-0.641604898,-2.050845697,-8.564779742
-0.662113355,-2.046939776,-8.615969003
-0.682582752,-2.042741688,-8.666296675
-0.703010169,-2.038251659,-8.715757724
-0.723392686,-2.033469965,-8.764347205
-0.743727385,-2.028396925,-8.812060258
-0.764011355,-2.023032911,-8.858892113
-0.784241684,-2.017378336,-8.904838086
-0.804415467,-2.011433665,-8.949893582
-0.824529804,-2.005199408,-8.994054097
-0.844581798,-1.998676123,-9.037315214
-0.864568559,-1.991864413,-9.079672606
-0.884487203,-1.984764929,-9.121122039
-0.904334853,-1.977378369,-9.161659367
-0.924108636,-1.969705478,-9.201280538
-0.943805691,-1.961747044,-9.239981587
-0.963423162,-1.953503905,-9.277758646
-0.982958201,-1.944976944,-9.314607938
-1.00240797,-1.936167088,-9.350525776
-1.021769641,-1.927075312,-9.385508569
-1.041040394,-1.917702635,-9.419552819
-1.06021742,-1.908050122,-9.452655122
-1.079297922,-1.898118883,-9.484812167
-1.09827911,-1.887910074,-9.516020739
-1.117158211,-1.877424893,-9.546277717
-1.13593246,-1.866664584,-9.575580074
-1.154599106,-1.855630437,-9.603924882
-1.17315541,-1.844323783,-9.631309306
-1.191598648,-1.832745998,-9.657730606
-1.209926108,-1.820898502,-9.683186142
-1.228135093,-1.808782758,-9.707673367
-1.246222921,-1.796400272,-9.731189832
-1.264186923,-1.783752592,-9.753733187
-1.282024449,-1.77084131,-9.775301177
-1.299732862,-1.757668058,-9.795891644
-1.317309543,-1.744234512,-9.815502531
-1.334751888,-1.730542388,-9.834131875
-1.352057312,-1.716593444,-9.851777815
-1.369223246,-1.70238948,-9.868438585
-1.386247141,-1.687932334,-9.884112519
-1.403126465,-1.673223887,-9.898798051
-1.419858703,-1.658266059,-9.912493711
-1.436441364,-1.643060808,-9.925198129
-1.452871972,-1.627610133,-9.936910036
-1.469148073,-1.611916074,-9.947628261
-1.485267234,-1.595980704,-9.957351731
-1.501227041,-1.57980614,-9.966079474
-1.517025103,-1.563394534,-9.973810617
-1.532659048,-1.546748075,-9.980544388
-1.548126529,-1.52986899,-9.986280112
-1.563425219,-1.512759544,-9.991017217
-1.578552814,-1.495422036,-9.994755228
-1.593507034,-1.477858802,-9.997493772
-1.608285622,-1.460072214,-9.999232576
-1.622886345,-1.442064677,-9.999971464
-1.637306991,-1.423838635,-9.999710363
-1.651545378,-1.405396561,-9.9984493
-1.665599343,-1.386740966,-9.9961884
-1.679466753,-1.367874392,-9.99292789
-1.693145497,-1.348799415,-9.988668095
-1.706633491,-1.329518644,-9.983409442
-1.719928677,-1.310034718,-9.977152456
-1.733029025,-1.290350311,-9.969897763
-1.745932528,-1.270468125,-9.961646088
-1.758637209,-1.250390894,-9.952398258
-1.771141118,-1.230121382,-9.942155195
-1.783442332,-1.209662385,-9.930917926
-1.795538956,-1.189016725,-9.918687573
-1.807429123,-1.168187254,-9.90546536
-1.819110995,-1.147176853,-9.891252608
-1.830582764,-1.125988431,-9.876050739
-1.841842648,-1.104624923,-9.859861274
-1.852888897,-1.083089293,-9.84268583
-1.86371979,-1.06138453,-9.824526126
-1.874333636,-1.039513648,-9.805383978
-1.884728772,-1.017479689,-9.785261299
-1.894903569,-0.995285717,-9.764160103
-1.904856426,-0.972934823,-9.742082499
-1.914585774,-0.95043012,-9.719030694
-1.924090076,-0.927774746,-9.695006995
-1.933367823,-0.904971859,-9.670013802
-1.942417542,-0.882024643,-9.644053617
-1.951237788,-0.858936301,-9.617129034
-1.959827151,-0.835710058,-9.589242747
-1.968184252,-0.81234916,-9.560397543
-1.976307743,-0.788856873,-9.530596307
-1.984196312,-0.765236484,-9.49984202
-1.991848677,-0.741491296,-9.468137756
-1.99926359,-0.717624632,-9.435486686
-2.006439836,-0.693639835,-9.401892076
-2.013376235,-0.669540263,-9.367357284
-2.020071637,-0.645329292,-9.331885765
-2.02652493,-0.621010314,-9.295481064
-2.032735033,-0.596586736,-9.258146823
-2.038700901,-0.572061982,-9.219886775
-2.04442152,-0.54743949,-9.180704747
-2.049895915,-0.522722711,-9.140604655
-2.055123142,-0.497915111,-9.099590511
-2.060102294,-0.473020169,-9.057666415
-2.064832495,-0.448041375,-9.01483656
-2.069312909,-0.422982233,-8.971105228
-2.073542731,-0.397846256,-8.926476794
-2.077521194,-0.37263697,-8.88095572
-2.081247564,-0.34735791,-8.834546557
-2.084721143,-0.32201262,-8.787253947
-2.087941269,-0.296604655,-8.739082619
-2.090907315,-0.271137576,-8.69003739
-2.093618691,-0.245614954,-8.640123165
-2.096074841,-0.220040367,-8.589344934
-2.098275244,-0.194417398,-8.537707776
-2.100219418,-0.168749639,-8.485216855
-2.101906915,-0.143040686,-8.431877419
-2.103337322,-0.11729414,-8.377694802
-2.104510263,-0.091513607,-8.322674422
-2.105425399,-0.065702696,-8.266821782
-2.106082426,-0.03986502,-8.210142467
-2.106481076,-0.014004197,-8.152642144
-2.106621118,0.011876157,-8.094326564
-2.106502357,0.037772422,-8.035201559
-2.106124632,0.063680976,-7.975273039
-2.105487823,0.089598199,-7.914546999
-2.104591841,0.115520468,-7.853029511
-2.103436636,0.141444164,-7.790726726
-2.102022194,0.167365667,-7.727644876
-2.100348538,0.193281358,-7.663790267
-2.098415724,0.219187623,-7.599169285
-2.096223848,0.245080849,-7.533788393
-2.093773039,0.270957425,-7.467654129
-2.091063465,0.296813748,-7.400773105
-2.088095328,0.322646216,-7.33315201
-2.084868865,0.348451234,-7.264797606
-2.081384353,0.374225211,-7.195716728
-2.077642101,0.399964564,-7.125916285
-2.073642455,0.425665715,-7.055403256
-2.069385798,0.451325095,-6.984184692
-2.064872547,0.476939141,-6.912267716
-2.060103156,0.5025043,-6.839659519
-2.055078113,0.528017027,-6.766367361
-2.049797943,0.553473786,-6.692398573
-2.044263205,0.578871053,-6.61776055
-2.038474494,0.604205312,-6.542460757
-2.032432441,0.629473059,-6.466506723
-2.026137711,0.654670802,-6.389906043
-2.019591003,0.679795061,-6.312666379
-2.012793052,0.704842368,-6.234795453
-2.005744628,0.729809269,-6.156301053
-1.998446536,0.754692322,-6.077191027
-1.990899612,0.779488101,-5.997473288
-1.983104731,0.804193195,-5.917155806
-1.975062799,0.828804205,-5.836246614
-1.966774757,0.853317751,-5.754753802
-1.95824158,0.877730467,-5.672685519
-1.949464275,0.902039006,-5.590049973
-1.940443885,0.926240036,-5.506855426
-1.931181485,0.950330242,-5.423110198
-1.921678182,0.974306331,-5.338822664
-1.911935119,0.998165024,-5.254001252
-1.901953469,1.021903063,-5.168654444
-1.891734438,1.045517212,-5.082790775
-1.881279266,1.06900425,-4.996418831
-1.870589223,1.092360981,-4.90954725
-1.859665614,1.115584227,-4.822184717
-1.848509771,1.138670833,-4.734339971
-1.837123063,1.161617665,-4.646021794
-1.825506886,1.184421612,-4.557239019
-1.81366267,1.207079585,-4.468000524
-1.801591874,1.229588519,-4.378315233
-1.789295989,1.251945372,-4.288192113
-1.776776536,1.274147126,-4.197640178
-1.764035064,1.296190788,-4.106668483
-1.751073156,1.318073389,-4.015286124
-1.737892423,1.339791986,-3.92350224
-1.724494503,1.361343662,-3.831326009
-1.710881066,1.382725526,-3.738766648
-1.697053811,1.403934712,-3.645833414
-1.683014464,1.424968382,-3.5525356
-1.66876478,1.445823727,-3.458882535
-1.654306543,1.466497962,-3.364883585
-1.639641563,1.486988334,-3.270548149
-1.62477168,1.507292116,-3.175885661
-1.609698758,1.52740661,-3.080905587
-1.594424692,1.547329147,-2.985617425
-1.578951401,1.56705709,-2.890030704
-1.56328083,1.586587828,-2.794154982
-1.547414952,1.605918783,-2.697999847
-1.531355764,1.625047407,-2.601574914
-1.51510529,1.643971183,-2.504889826
-1.498665578,1.662687625,-2.407954251
-1.482038702,1.681194277,-2.310777883
-1.465226759,1.699488718,-2.213370439
-1.448231872,1.717568558,-2.115741659
-1.431056186,1.735431438,-2.017901308
-1.413701872,1.753075033,-1.919859167
-1.396171121,1.770497052,-1.821625043
-1.378466151,1.787695236,-1.723208757
-1.360589199,1.804667361,-1.624620152
-1.342542525,1.821411235,-1.525869086
-1.324328413,1.837924702,-1.426965435
-1.305949166,1.854205641,-1.327919089
-1.287407109,1.870251963,-1.228739951
-1.26870459,1.886061618,-1.129437941
-1.249843973,1.901632587,-1.030022987
-1.230827648,1.91696289,-0.930505033
-1.211658019,1.932050582,-0.830894028
-1.192337513,1.946893752,-0.731199935
-1.172868575,1.961490527,-0.631432722
-1.15325367,1.975839071,-0.531602367
-1.133495279,1.989937584,-0.431718852
-1.113595903,2.003784301,-0.331792165
-1.09355806,2.017377498,-0.2318323
-1.073384285,2.030715484,-0.131849251
-1.053077131,2.043796609,-0.031853018
-1.032639165,2.05661926,0.068146401
-1.012072972,2.069181859,0.168139005
-0.991381153,2.081482869,0.268114795
-0.970566325,2.09352079,0.368063774
-0.949631117,2.105294161,0.467975947
-0.928578175,2.116801558,0.567841323
-0.90741016,2.128041598,0.667649915
-0.886129744,2.139012935,0.767391743
-0.864739614,2.149714262,0.867056832
-0.843242472,2.16014431,0.966635216
-0.821641029,2.170301853,1.066116938
-0.79993801,2.1801857,1.165492049
-0.778136153,2.189794702,1.264750611
-0.756238206,2.199127747,1.363882699
-0.734246929,2.208183766,1.462878401
-0.712165091,2.216961726,1.561727815
-0.689995474,2.225460636,1.660421059
-0.667740867,2.233679545,1.758948261
-0.645404072,2.241617541,1.85729957
-0.622987896,2.249273752,1.955465151
-0.600495159,2.256647345,2.053435187
-0.577928685,2.263737529,2.151199881
-0.55529131,2.270543552,2.248749457
-0.532585875,2.277064703,2.346074159
-0.509815228,2.28330031,2.443164257
-0.486982224,2.289249742,2.54001004
-0.464089727,2.294912408,2.636601824
-0.441140603,2.300287756,2.73292995
-0.418137725,2.305375277,2.828984785
-0.395083973,2.3101745,2.924756724
-0.371982228,2.314684995,3.02023619
-0.348835378,2.318906372,3.115413635
-0.325646314,2.322838281,3.210279541
-0.302417931,2.326480414,3.304824422
-0.279153127,2.329832499,3.399038823
-0.255854802,2.33289431,3.492913323
-0.232525859,2.335665655,3.586438535
-0.209169202,2.338146387,3.679605106
-0.185787739,2.340336395,3.772403719
-0.162384375,2.342235612,3.864825095
-0.138962018,2.343844007,3.956859992
-0.115523578,2.345161592,4.048499206
-0.092071962,2.346188415,4.139733574
-0.068610078,2.346924568,4.230553971
-0.045140833,2.347370179,4.320951317
-0.021667131,2.347525418,4.410916572
0.001808123,2.347390492,4.500440738
0.025282028,2.346965649,4.589514864
0.048751685,2.346251175,4.678130042
0.072214197,2.345247397,4.766277411
0.09566667,2.343954678,4.853948157
0.119106217,2.342373423,4.941133511
0.142529951,2.340504072,5.027824757
0.165934992,2.338347106,5.114013224
0.189318463,2.335903044,5.199690294
0.212677494,2.333172443,5.284847399
0.236009218,2.330155898,5.369476024
0.259310777,2.326854042,5.453567706
0.282579318,2.323267546,5.537114036
0.305811993,2.319397118,5.620106659
0.329005964,2.315243503,5.702537276
0.352158399,2.310807484,5.784397644
0.375266474,2.306089881,5.865679577
0.398327373,2.301091551,5.946374947
0.421338288,2.295813388,6.026475684
0.444296422,2.29025632,6.105973779
0.467198985,2.284421313,6.184861282
0.490043199,2.278309371,6.263130303
0.512826292,2.27192153,6.340773017
0.535545508,2.265258864,6.417781659
0.558198096,2.258322482,6.494148528
0.580781321,2.251113527,6.569865987
0.603292456,2.243633179,6.644926466
0.625728788,2.23588265,6.719322457
0.648087615,2.227863188,6.793046521
0.670366246,2.219576076,6.866091287
0.692562007,2.21102263,6.938449449
0.714672234,2.202204198,7.010113772
0.736694276,2.193122164,7.08107709
0.758625497,2.183777944,7.151332306
0.780463277,2.174172987,7.220872394
0.802205006,2.164308774,7.289690401
0.823848094,2.15418682,7.357779446
0.845389962,2.143808669,7.425132718
0.866828049,2.133175901,7.491743483
0.888159808,2.122290123,7.557605081
0.909382709,2.111152977,7.622710924
0.930494239,2.099766133,7.687054502
0.9514919,2.088131292,7.750629381
0.972373213,2.076250188,7.813429204
0.993135715,2.064124581,7.87544769
1.013776961,2.051756264,7.936678638
1.034294524,2.039147057,7.997115925
1.054685994,2.02629881,8.056753507
1.074948982,2.013213402,8.115585421
1.095081116,1.99989274,8.173605782
1.115080044,1.986338758,8.23080879
1.134943431,1.97255342,8.287188724
1.154668966,1.958538715,8.342739946
1.174254353,1.94429666,8.3974569
1.193697319,1.929829301,8.451334117
1.212995612,1.915138705,8.504366206
1.232146999,1.900226971,8.556547866
1.251149269,1.885096218,8.607873879
1.270000231,1.869748596,8.658339111
1.288697717,1.854186275,8.707938517
1.30723958,1.838411453,8.756667136
1.325623694,1.82242635,8.804520096
1.343847958,1.80623321,8.85149261
1.36191029,1.789834304,8.897579984
1.379808633,1.773231921,8.942777606
1.397540952,1.756428376,8.987080958
1.415105236,1.739426005,9.03048561
1.432499496,1.722227167,9.07298722
1.449721768,1.704834243,9.11458154
1.46677011,1.687249634,9.155264408
1.483642607,1.669475762,9.195031758
1.500337364,1.65151507,9.233879613
1.516852515,1.633370022,9.271804087
1.533186215,1.6150431,9.308801388
1.549336646,1.596536806,9.344867818
1.565302014,1.577853661,9.379999768
1.581080551,1.558996206,9.414193726
1.596670513,1.539966998,9.447446272
1.612070183,1.520768612,9.479754082
1.627277869,1.501403642,9.511113924
1.642291905,1.481874698,9.541522663
1.657110652,1.462184406,9.570977257
1.671732496,1.44233541,9.599474762
1.686155851,1.422330368,9.627012327
1.700379154,1.402171954,9.653587199
1.714400874,1.381862858,9.67919672
1.728219502,1.361405782,9.70383833
1.74183356,1.340803446,9.727509564
1.755241595,1.32005858,9.750208055
1.76844218,1.29917393,9.771931533
1.78143392,1.278152254,9.792677827
1.794215442,1.256996322,9.812444861
1.806785405,1.235708917,9.831230658
1.819142495,1.214292835,9.849033341
1.831285423,1.19275088,9.865851128
1.843212932,1.171085871,9.881682339
1.85492379,1.149300633,9.896525389
1.866416797,1.127398006,9.910378796
1.877690777,1.105380835,9.923241172
1.888744585,1.083251979,9.935111233
1.899577105,1.061014302,9.945987791
1.910187248,1.038670678,9.955869759
1.920573955,1.01622399,9.964756147
1.930736195,0.993677127,9.972646069
1.940672966,0.971032987,9.979538734
1.950383296,0.948294473,9.985433454
1.959866241,0.925464496,9.990329638
1.969120886,0.902545972,9.994226798
1.978146345,0.879541824,9.997124544
1.986941763,0.856454979,9.999022585
1.995506313,0.833288369,9.999920733
2.003839197,0.810044931,9.999818897
2.011939646,0.786727605,9.998717087
2.019806922,0.763339336,9.996615414
2.027440316,0.739883071,9.993514088
2.034839146,0.716361761,9.989413418
2.042002764,0.692778358,9.984313816
2.048930548,0.669135816,9.978215791
2.055621906,0.645437094,9.971119952
2.062076277,0.621685147,9.963027009
2.068293128,0.597882935,9.953937773
2.074271958,0.574033416,9.94385315
2.080012292,0.55013955,9.932774151
2.085513687,0.526204294,9.920701882
2.09077573,0.502230607,9.907637552
2.095798036,0.478221445,9.893582466
2.100580251,0.454179763,9.87853803
2.105122048,0.430108515,9.862505749
2.109423133,0.406010652,9.845487225
2.11348324,0.381889121,9.827484161
2.117302131,0.357746868,9.808498356
2.1208796,0.333586835,9.78853171
2.124215468,0.309411959,9.767586219
2.127309588,0.285225174,9.745663977
2.13016184,0.26102941,9.722767177
2.132772134,0.236827589,9.698898108
2.135140409,0.212622633,9.674059158
2.137266636,0.188417452,9.64825281
2.13915081,0.164214955,9.621481645
2.14079296,0.140018043,9.593748339
2.14219314,0.115829608,9.565055667
2.143351436,0.091652538,9.535406497
2.144267962,0.067489712,9.504803794
2.144942859,0.043344002,9.473250619
2.145376299,0.01921827,9.440750126
2.145568482,-0.004884629,9.407305567
2.145519635,-0.028961849,9.372920285
2.145230017,-0.053010554,9.337597718
2.144699911,-0.077027917,9.3013414
2.143929632,-0.10101112,9.264154955
2.142919521,-0.124957359,9.226042102
2.141669947,-0.148863835,9.187006653
2.140181309,-0.172727766,9.147052511
2.138454031,-0.196546376,9.106183671
2.136488568,-0.220316903,9.064404221
2.134285399,-0.244036599,9.021718338
2.131845033,-0.267702724,8.97813029
2.129168005,-0.291312553,8.933644437
2.12625488,-0.314863374,8.888265226
2.123106246,-0.338352488,8.841997197
2.119722721,-0.361777208,8.794844975
2.116104949,-0.385134864,8.746813276
2.1122536,-0.408422797,8.697906904
2.108169372,-0.431638364,8.648130747
2.103852989,-0.454778936,8.597489785
2.099305199,-0.477841901,8.545989081
2.09452678,-0.500824659,8.493633785
2.089518534,-0.523724628,8.440429133
2.084281288,-0.546539242,8.386380445
2.078815895,-0.56926595,8.331493126
2.073123236,-0.591902218,8.275772664
2.067204214,-0.614445528,8.219224633
2.061059758,-0.636893381,8.161854685
2.054690824,-0.659243294,8.103668559
2.048098391,-0.6814928,8.044672073
2.041283463,-0.703639452,7.984871126
2.034247069,-0.725680822,7.924271699
2.026990261,-0.747614496,7.862879851
2.019514116,-0.769438084,7.800701722
2.011819735,-0.79114921,7.737743529
2.003908243,-0.812745521,7.674011569
1.995780788,-0.834224681,7.609512213
1.987438541,-0.855584373,7.544251913
1.978882697,-0.876822303,7.478237194
1.970114474,-0.897936193,7.411474657
1.961135112,-0.918923789,7.343970979
1.951945874,-0.939782854,7.27573291
1.942548046,-0.960511174,7.206767273
1.932942934,-0.981106556,7.137080966
1.923131868,-1.001566826,7.066680957
1.9131162,-1.021889834,6.995574286
1.902897302,-1.04207345,6.923768063
1.892476567,-1.062115566,6.851269469
1.881855412,-1.082014097,6.778085754
1.871035271,-1.101766977,6.704224236
1.860017601,-1.121372166,6.629692301
1.848803879,-1.140827645,6.554497402
1.837395603,-1.160131417,6.478647059
1.825794289,-1.179281509,6.402148857
1.814001474,-1.198275971,6.325010445
1.802018714,-1.217112876,6.247239538
1.789847585,-1.23579032,6.168843911
1.777489682,-1.254306422,6.089831406
1.764946618,-1.272659327,6.010209922
1.752220024,-1.290847203,5.929987422
1.739311552,-1.308868239,5.849171929
1.72622287,-1.326720654,5.767771523
1.712955663,-1.344402685,5.685794345
1.699511637,-1.361912599,5.603248592
1.685892511,-1.379248684,5.520142519
1.672100024,-1.396409255,5.436484437
1.658135931,-1.413392649,5.35228271
1.644002005,-1.430197232,5.26754576
1.629700032,-1.446821392,5.182282059
1.615231818,-1.463263543,5.096500135
1.600599183,-1.479522125,5.010208565
1.585803962,-1.495595603,4.923415978
1.570848006,-1.511482467,4.836131053
1.555733181,-1.527181236,4.74836252
1.540461369,-1.542690449,4.660119154
1.525034464,-1.558008676,4.57140978
1.509454377,-1.573134511,4.482243269
1.493723032,-1.588066574,4.392628538
1.477842367,-1.602803512,4.302574547
1.461814331,-1.617343996,4.212090303
1.445640892,-1.631686726,4.121184852
1.429324024,-1.645830427,4.029867287
1.41286572,-1.659773851,3.938146739
1.396267981,-1.673515777,3.846032379
1.379532824,-1.687055009,3.753533419
1.362662274,-1.700390378,3.660659109
1.34565837,-1.713520744,3.567418736
1.328523162,-1.726444991,3.473821624
1.311258712,-1.739162031,3.379877132
1.293867092,-1.751670803,3.285594656
1.276350384,-1.763970272,3.190983623
1.258710681,-1.776059432,3.096053495
1.240950087,-1.7879373,3.000813764
1.223070714,-1.799602925,2.905273953
1.205074685,-1.81105538,2.809443618
1.186964131,-1.822293765,2.713332341
1.168741193,-1.833317208,2.616949733
1.150408021,-1.844124864,2.520305432
1.131966773,-1.854715914,2.423409103
1.113419614,-1.865089567,2.326270434
1.094768718,-1.87524506,2.228899141
1.076016267,-1.885181656,2.13130496
1.057164451,-1.894898645,2.033497649
1.038215464,-1.904395344,1.935486991
1.019171511,-1.913671098,1.837282786
1.0000348,-1.922725278,1.738894854
0.980807547,-1.931557283,1.640333034
0.961491974,-1.940166539,1.541607182
0.942090309,-1.948552498,1.44272717
0.922604784,-1.95671464,1.343702887
0.903037637,-1.964652471,1.244544235
0.883391113,-1.972365526,1.14526113
0.863667457,-1.979853364,1.045863499
0.843868924,-1.987115572,0.946361283
0.823997768,-1.994151766,0.846764431
0.80405625,-2.000961585,0.747082904
0.784046635,-2.007544698,0.647326669
0.763971188,-2.013900799,0.547505702
0.74383218,-2.020029608,0.447629985
0.723631884,-2.025930873,0.347709505
0.703372575,-2.031604368,0.247754255
0.683056531,-2.037049894,0.147774229
0.662686032,-2.042267276,0.047779426
0.642263359,-2.047256369,-0.052220155
0.621790796,-2.052017051,-0.152214514
0.601270625,-2.056549228,-0.252193651
0.580705133,-2.060852831,-0.35214757
0.560096605,-2.064927817,-0.452066274
0.539447326,-2.068774171,-0.551939772
0.518759585,-2.0723919,-0.651758076
0.498035666,-2.07578104,-0.751511205
0.477277855,-2.078941652,-0.851189183
0.456488439,-2.081873821,-0.950782043
0.435669701,-2.084577658,-1.050279826
0.414823924,-2.087053301,-1.149672582
0.393953391,-2.089300912,-1.248950371
0.373060382,-2.091320677,-1.348103267
0.352147175,-2.093112808,-1.447121353
0.331216047,-2.094677543,-1.545994728
0.310269272,-2.096015143,-1.644713505
0.28930912,-2.097125895,-1.743267812
0.268337861,-2.09801011,-1.841647794
0.24735776,-2.098668122,-1.939843613
0.226371079,-2.099100292,-2.037845448
0.205380076,-2.099307003,-2.135643501
0.184387006,-2.099288664,-2.233227992
0.163394119,-2.099045705,-2.330589161
0.142403662,-2.098578583,-2.427717274
0.121417876,-2.097887777,-2.524602616
0.100438999,-2.096973788,-2.621235501
0.079469261,-2.095837144,-2.717606264
0.058510889,-2.094478393,-2.813705269
0.037566105,-2.092898108,-2.909522906
0.016637124,-2.091096883,-3.005049592
-0.004273844,-2.089075338,-3.100275777
-0.025164598,-2.086834111,-3.195191936
-0.046032939,-2.084373866,-3.289788579
-0.066876678,-2.081695289,-3.384056246
-0.087693631,-2.078799087,-3.47798551
-0.108481621,-2.075685989,-3.571566978
-0.129238481,-2.072356747,-3.664791293
-0.149962049,-2.068812133,-3.757649131
-0.17065017,-2.065052941,-3.850131208
-0.191300699,-2.061079989,-3.942228274
-0.211911499,-2.056894111,-4.033931122
-0.23248044,-2.052496167,-4.125230579
-0.253005402,-2.047887035,-4.216117517
-0.273484272,-2.043067614,-4.306582847
-0.293914949,-2.038038823,-4.396617522
-0.314295337,-2.032801604,-4.486212538
-0.334623353,-2.027356916,-4.575358938
-0.354896922,-2.021705739,-4.664047805
-0.375113979,-2.015849073,-4.752270271
-0.39527247,-2.009787938,-4.840017515
-0.41537035,-2.003523372,-4.92728076
-0.435405583,-1.997056433,-5.014051282
-0.455376148,-1.990388198,-5.100320402
-0.47528003,-1.983519763,-5.186079495
-0.495115227,-1.976452243,-5.271319985
-0.51487975,-1.969186769,-5.356033346
-0.534571617,-1.961724494,-5.440211109
-0.554188862,-1.954066586,-5.523844855
-0.573729528,-1.946214232,-5.606926221
-0.59319167,-1.938168637,-5.6894469
-0.612573357,-1.929931023,-5.771398638
-0.631872667,-1.921502629,-5.852773241
-0.651087693,-1.912884711,-5.933562572
-0.67021654,-1.904078544,-6.013758552
-0.689257326,-1.895085416,-6.093353161
-0.70820818,-1.885906634,-6.172338439
-0.727067246,-1.876543521,-6.250706489
-0.745832682,-1.866997415,-6.328449473
-0.764502656,-1.85726967,-6.405559618
-0.783075352,-1.847361658,-6.482029212
-0.801548969,-1.837274762,-6.557850609
-0.819921717,-1.827010385,-6.633016226
-0.838191821,-1.816569942,-6.707518546
-0.85635752,-1.805954863,-6.781350121
-0.874417069,-1.795166593,-6.854503566
-0.892368734,-1.784206593,-6.926971567
-0.9102108,-1.773076335,-6.998746876
-0.927941564,-1.761777307,-7.069822316
-0.945559337,-1.750311011,-7.14019078
-0.963062447,-1.738678962,-7.209845231
-0.980449237,-1.726882688,-7.278778703
-0.997718063,-1.714923729,-7.346984304
-1.014867301,-1.702803642,-7.414455212
-1.031895337,-1.690523992,-7.481184681
-1.048800577,-1.678086358,-7.547166038
-1.065581441,-1.665492334,-7.612392684
-1.082236364,-1.652743521,-7.676858098
-1.098763799,-1.639841536,-7.740555832
-1.115162215,-1.626788005,-7.803479517
-1.131430095,-1.613584568,-7.86562286
-1.14756594,-1.600232873,-7.926979648
-1.163568269,-1.586734582,-7.987543744
-1.179435615,-1.573091366,-8.047309093
-1.195166528,-1.559304907,-8.106269717
-1.210759578,-1.545376896,-8.164419721
-1.226213347,-1.531309036,-8.22175329
-1.241526437,-1.51710304,-8.278264691
-1.256697467,-1.502760628,-8.333948272
-1.271725074,-1.488283533,-8.388798465
-1.286607909,-1.473673494,-8.442809785
-1.301344644,-1.458932262,-8.495976832
-1.315933966,-1.444061593,-8.548294287
-1.330374582,-1.429063256,-8.599756921
-1.344665215,-1.413939025,-8.650359585
-1.358804605,-1.398690684,-8.700097222
-1.372791512,-1.383320024,-8.748964855
-1.386624712,-1.367828843,-8.7969576
-1.400303001,-1.352218949,-8.844070656
-1.41382519,-1.336492154,-8.890299312
-1.427190112,-1.32065028,-8.935638946
-1.440396615,-1.304695155,-8.980085023
-1.453443566,-1.288628612,-9.0236331
-1.466329852,-1.272452492,-9.06627882
-1.479054377,-1.256168643,-9.10801792
-1.491616064,-1.239778917,-9.148846226
-1.504013853,-1.223285172,-9.188759655
-1.516246704,-1.206689274,-9.227754216
-1.528313597,-1.189993091,-9.265826009
-1.540213528,-1.173198499,-9.302971227
-1.551945513,-1.156307377,-9.339186156
-1.563508587,-1.139321609,-9.374467174
-1.574901803,-1.122243085,-9.408810753
-1.586124234,-1.105073699,-9.442213459
-1.597174971,-1.087815346,-9.474671951
-1.608053124,-1.070469929,-9.506182984
-1.618757824,-1.053039353,-9.536743406
-1.629288217,-1.035525526,-9.566350163
-1.639643472,-1.01793036,-9.595000292
-1.649822776,-1.000255769,-9.622690929
-1.659825334,-0.982503673,-9.649419305
-1.66965037,-0.96467599,-9.675182747
-1.67929713,-0.946774644,-9.699978679
-1.688764877,-0.92880156,-9.723804621
-1.698052892,-0.910758666,-9.746658191
-1.707160479,-0.89264789,-9.768537103
-1.716086958,-0.874471163,-9.78943917
-1.724831669,-0.856230417,-9.809362301
-1.733393974,-0.837927587,-9.828304503
-1.74177325,-0.819564606,-9.846263884
-1.749968896,-0.80114341,-9.863238646
-1.75798033,-0.782665936,-9.879227093
-1.765806989,-0.76413412,-9.894227625
-1.77344833,-0.745549899,-9.908238743
-1.780903829,-0.72691521,-9.921259045
-1.788172981,-0.708231991,-9.933287229
-1.795255301,-0.689502178,-9.944322093
-1.802150323,-0.670727707,-9.954362533
-1.8088576,-0.651910515,-9.963407545
-1.815376705,-0.633052536,-9.971456225
-1.821707231,-0.614155704,-9.978507767
-1.827848788,-0.595221952,-9.984561467
-1.833801007,-0.576253212,-9.989616719
-1.839563539,-0.557251412,-9.993673018
-1.845136053,-0.538218482,-9.996729957
-1.850518238,-0.519156347,-9.998787232
-1.855709802,-0.500066931,-9.999844637
-1.860710471,-0.480952156,-9.999902066
-1.865519993,-0.461813942,-9.998959512
-1.870138132,-0.442654206,-9.997017071
-1.874564674,-0.423474861,-9.994074937
-1.878799423,-0.404277818,-9.990133403
-1.882842201,-0.385064985,-9.985192865
-1.886692851,-0.365838266,-9.979253815
-1.890351233,-0.346599564,-9.972316849
-1.893817229,-0.327350775,-9.964382659
-1.897090737,-0.308093792,-9.955452039
-1.900171675,-0.288830507,-9.945525882
-1.90305998,-0.269562803,-9.934605181
-1.905755608,-0.250292562,-9.922691028
-1.908258533,-0.231021662,-9.909784613
-1.91056875,-0.211751974,-9.895887229
-1.91268627,-0.192485365,-9.881000264
-1.914611123,-0.173223699,-9.865125207
-1.91634336,-0.153968832,-9.848263647
-1.917883049,-0.134722617,-9.830417267
-1.919230275,-0.1154869,-9.811587855
-1.920385144,-0.096263523,-9.791777292
-1.921347779,-0.07705432,-9.770987559
-1.922118322,-0.057861123,-9.749220735
-1.922696933,-0.038685753,-9.726478998
-1.923083791,-0.019530029,-9.702764621
-1.923279091,-0.000395763,-9.678079975
-1.923283049,0.018715242,-9.65242753
-1.923095897,0.037801187,-9.625809849
-1.922717885,0.056860281,-9.598229596
-1.922149282,0.075890738,-9.569689528
-1.921390374,0.094890782,-9.540192499
-1.920441467,0.113858641,-9.509741459
-1.91930288,0.132792553,-9.478339452
-1.917974955,0.151690761,-9.445989619
-1.916458047,0.170551518,-9.412695196
-1.914752532,0.189373083,-9.37845951
-1.912858801,0.208153722,-9.343285987
-1.910777264,0.226891711,-9.307178142
-1.908508347,0.245585333,-9.270139588
-1.906052493,0.26423288,-9.232174027
-1.903410165,0.28283265,-9.193285257
-1.900581838,0.301382952,-9.153477165
-1.897568009,0.319882103,-9.112753734
-1.894369188,0.338328427,-9.071119035
-1.890985903,0.356720259,-9.028577231
-1.887418701,0.375055942,-8.985132578
-1.883668141,0.393333827,-8.940789418
-1.879734803,0.411552275,-8.895552187
-1.87561928,0.429709658,-8.849425409
-1.871322184,0.447804354,-8.802413695
-1.86684414,0.465834753,-8.754521747
-1.862185793,0.483799253,-8.705754354
-1.8573478,0.501696263,-8.656116393
-1.852330837,0.519524202,-8.605612828
-1.847135595,0.537281496,-8.554248708
-1.84176278,0.554966584,-8.502029171
-1.836213115,0.572577915,-8.448959438
-1.830487335,0.590113947,-8.395044816
-1.824586196,0.607573148,-8.340290696
-1.818510465,0.624953998,-8.284702555
-1.812260925,0.642254986,-8.22828595
-1.805838375,0.659474613,-8.171046523
-1.799243629,0.676611389,-8.112989998
-1.792477515,0.693663836,-8.054122182
-1.785540876,0.710630487,-7.994448959
-1.778434571,0.727509884,-7.933976299
-1.771159473,0.744300584,-7.872710247
-1.763716467,0.76100115,-7.810656931
-1.756106455,0.777610161,-7.747822556
-1.748330354,0.794126204,-7.684213405
-1.740389092,0.81054788,-7.619835839
-1.732283613,0.826873799,-7.554696296
-1.724014875,0.843102583,-7.48880129
-1.715583849,0.859232868,-7.422157409
-1.70699152,0.875263298,-7.354771319
-1.698238887,0.891192533,-7.286649758
-1.689326962,0.907019241,-7.217799538
-1.68025677,0.922742104,-7.148227545
-1.671029349,0.938359816,-7.077940734
-1.66164575,0.953871082,-7.006946135
-1.65210704,0.969274621,-6.935250848
-1.642414293,0.984569161,-6.862862041
-1.632568602,0.999753446,-6.789786954
-1.622571067,1.014826231,-6.716032893
-1.612422805,1.029786281,-6.641607235
-1.602124942,1.044632378,-6.566517422
-1.591678618,1.059363312,-6.490770962
-1.581084985,1.07397789,-6.414375431
-1.570345206,1.088474927,-6.337338468
-1.559460457,1.102853254,-6.259667776
-1.548431925,1.117111715,-6.181371122
-1.537260807,1.131249164,-6.102456337
-1.525948316,1.145264471,-6.022931311
-1.514495671,1.159156517,-5.942803997
-1.502904106,1.172924196,-5.862082407
-1.491174864,1.186566417,-5.780774614
-1.4793092,1.200082099,-5.698888749
-1.467308379,1.213470177,-5.616432999
-1.455173677,1.226729598,-5.533415611
-1.442906381,1.239859322,-5.449844885
-1.430507788,1.252858323,-5.36572918
-1.417979205,1.265725587,-5.281076906
-1.405321949,1.278460115,-5.195896529
-1.392537348,1.29106092,-5.110196567
-1.379626738,1.30352703,-5.023985589
-1.366591468,1.315857486,-4.937272217
-1.353432893,1.328051341,-4.850065122
-1.34015238,1.340107663,-4.762373024
-1.326751303,1.352025534,-4.674204694
-1.313231048,1.363804048,-4.585568946
-1.299593007,1.375442315,-4.496474645
-1.285838584,1.386939457,-4.406930701
-1.27196919,1.398294609,-4.316946067
-1.257986243,1.409506923,-4.226529743
-1.243891174,1.42057556,-4.135690768
-1.229685419,1.4314997,-4.044438228
-1.215370422,1.442278533,-3.952781248
-1.200947636,1.452911265,-3.860728993
-1.186418524,1.463397115,-3.768290668
-1.171784553,1.473735315,-3.675475518
-1.157047199,1.483925114,-3.582292822
-1.142207948,1.493965772,-3.488751901
-1.127268291,1.503856564,-3.394862107
-1.112229725,1.513596779,-3.30063283
-1.097093757,1.523185721,-3.206073492
-1.0818619,1.532622706,-3.11119355
-1.066535673,1.541907066,-3.016002491
-1.051116602,1.551038147,-2.920509834
-1.035606221,1.560015306,-2.824725128
-1.020006068,1.568837919,-2.728657953
-1.004317688,1.577505373,-2.632317914
-0.988542635,1.58601707,-2.535714645
-0.972682464,1.594372425,-2.438857807
-0.95673874,1.602570869,-2.341757085
-0.940713031,1.610611846,-2.24442219
-0.924606913,1.618494815,-2.146862854
-0.908421964,1.626219248,-2.049088833
-0.892159772,1.633784633,-1.951109906
-0.875821926,1.64119047,-1.852935869
-0.859410021,1.648436275,-1.75457654
-0.842925658,1.655521577,-1.656041754
-0.826370442,1.66244592,-1.557341367
-0.809745983,1.669208863,-1.458485246
-0.793053895,1.675809976,-1.359483278
-0.776295795,1.682248848,-1.260345362
-0.759473306,1.688525078,-1.161081413
-0.742588056,1.694638281,-1.061701357
-0.725641673,1.700588086,-0.962215132
-0.708635792,1.706374137,-0.862632686
-0.691572051,1.711996091,-0.762963978
-0.67445209,1.717453619,-0.663218974
-0.657277553,1.722746409,-0.563407648
-0.640050089,1.727874159,-0.463539982
-0.622771348,1.732836584,-0.363625963
-0.605442982,1.737633413,-0.263675581
-0.588066648,1.742264387,-0.163698832
-0.570644004,1.746729265,-0.063705713
-0.553176711,1.751027817,0.036293777
-0.535666433,1.755159827,0.136289637
-0.518114835,1.759125096,0.236271868
-0.500523584,1.762923436,0.336230472
-0.48289435,1.766554675,0.436155454
-0.465228803,1.770018654,0.53603682
-0.447528616,1.773315229,0.635864583
-0.429795464,1.77644427,0.73562876
-0.412031021,1.779405659,0.835319375
-0.394236965,1.782199296,0.934926459
-0.376414972,1.784825091,1.03444005
-0.358566721,1.78728297,1.133850199
-0.340693891,1.789572873,1.233146963
-0.322798162,1.791694753,1.332320414
-0.304881215,1.793648578,1.431360634
-0.286944729,1.79543433,1.530257719
-0.268990386,1.797052002,1.62900178
-0.251019866,1.798501606,1.727582941
-0.23303485,1.799783162,1.825991346
-0.215037018,1.800896709,1.924217154
-0.197028051,1.801842297,2.022250541
-0.179009628,1.80261999,2.120081705
-0.160983428,1.803229866,2.217700862
-0.142951129,1.803672017,2.315098251
-0.124914409,1.803946548,2.412264132
-0.106874944,1.804053578,2.509188789
-0.088834408,1.80399324,2.605862529
-0.070794476,1.803765681,2.702275685
-0.052756819,1.803371059,2.798418616
-0.034723108,1.802809548,2.894281707
-0.016695013,1.802081336,2.989855372
0.001325801,1.801186621,3.085130055
0.019337667,1.800125619,3.180096226
0.037338923,1.798898556,3.274744391
0.055327909,1.797505672,3.369065085
0.073302965,1.795947221,3.463048874
0.091262438,1.794223471,3.556686362
0.109204672,1.792334701,3.649968183
0.127128019,1.790281205,3.742885011
0.145030831,1.78806329,3.835427554
0.162911464,1.785681275,3.927586557
0.180768277,1.783135494,4.019352805
0.198599632,1.780426292,4.110717121
0.216403895,1.777554028,4.201670368
0.234179435,1.774519075,4.292203452
0.251924626,1.771321817,4.382307319
0.269637844,1.767962652,4.47197296
0.287317471,1.76444199,4.561191406
0.30496189,1.760760255,4.649953737
0.322569493,1.756917884,4.738251077
0.340138672,1.752915325,4.826074596
0.357667825,1.748753039,4.913415511
0.375155355,1.744431502,5.000265088
0.39259967,1.739951199,5.086614644
0.409999182,1.73531263,5.172455542
0.427352309,1.730516307,5.257779199
0.444657472,1.725562754,5.342577082
0.461913099,1.720452507,5.426840712
0.479117624,1.715186117,5.510561663
0.496269486,1.709764143,5.593731561
0.513367127,1.70418716,5.676342092
0.530408999,1.698455753,5.758384993
0.547393556,1.69257052,5.83985206
0.564319261,1.686532071,5.920735147
0.581184582,1.680341028,6.001026165
0.597987992,1.673998024,6.080717086
0.614727973,1.667503707,6.15979994
0.63140301,1.660858732,6.238266819
0.648011597,1.654063771,6.316109877
0.664552235,1.647119503,6.393321329
0.68102343,1.640026623,6.469893454
0.697423696,1.632785835,6.545818596
0.713751554,1.625397855,6.621089161
0.730005533,1.617863411,6.695697622
0.746184167,1.610183242,6.769636519
0.762285999,1.602358099,6.842898458
0.77830958,1.594388743,6.915476114
0.794253468,1.586275949,6.987362227
0.810116227,1.5780205,7.05854961
0.825896432,1.569623193,7.129031144
0.841592664,1.561084834,7.19879978
0.857203513,1.552406241,7.267848543
0.872727575,1.543588242,7.336170527
0.888163457,1.534631679,7.4037589
0.903509774,1.525537401,7.470606903
0.918765148,1.51630627,7.536707851
0.933928211,1.506939157,7.602055136
0.948997602,1.497436947,7.666642221
0.963971972,1.487800531,7.730462648
0.978849977,1.478030815,7.793510035
0.993630285,1.468128712,7.855778078
1.008311573,1.458095148,7.91726055
1.022892524,1.447931057,7.977951302
1.037371835,1.437637385,8.037844266
1.051748208,1.427215087,8.096933451
1.066020359,1.41666513,8.155212951
1.080187011,1.405988488,8.212676936
1.094246895,1.395186148,8.26931966
1.108198757,1.384259104,8.325135459
1.122041348,1.373208364,8.380118751
1.135773432,1.362034941,8.434264038
1.149393781,1.35073986,8.487565906
1.16290118,1.339324157,8.540019025
1.176294421,1.327788875,8.591618149
1.18957231,1.316135067,8.642358118
1.202733661,1.304363797,8.692233858
1.215777299,1.292476137,8.741240382
1.22870206,1.280473167,8.78937279
1.241506792,1.268355978,8.836626268
1.254190351,1.256125671,8.88299609
1.266751608,1.243783354,8.92847762
1.279189442,1.231330143,8.97306631
1.291502743,1.218767167,9.016757701
1.303690415,1.206095558,9.059547423
1.31575137,1.193316463,9.101431198
1.327684535,1.180431032,9.142404838
1.339488845,1.167440427,9.182464245
1.35116325,1.154345817,9.221605413
1.362706708,1.141148379,9.259824428
1.374118192,1.1278493,9.297117469
1.385396685,1.114449774,9.333480805
1.396541182,1.100951003,9.368910801
1.407550692,1.087354197,9.403403914
1.418424234,1.073660574,9.436956694
1.42916084,1.059871361,9.469565787
1.439759554,1.04598779,9.501227931
1.450219432,1.032011104,9.53193996
1.460539543,1.017942551,9.561698803
1.470718968,1.003783387,9.590501484
1.480756802,0.989534877,9.618345123
1.490652151,0.975198292,9.645226935
1.500404134,0.96077491,9.671144233
1.510011883,0.946266016,9.696094424
1.519474543,0.931672903,9.720075014
1.528791272,0.91699687,9.743083605
1.537961241,0.902239225,9.765117895
1.546983633,0.887401279,9.786175682
1.555857646,0.872484352,9.806254859
1.564582489,0.857489772,9.825353419
1.573157387,0.84241887,9.843469452
1.581581576,0.827272985,9.860601146
1.589854305,0.812053464,9.876746788
1.59797484,0.796761658,9.891904763
1.605942457,0.781398924,9.906073557
1.613756446,0.765966626,9.919251751
1.621416112,0.750466134,9.931438029
1.628920774,0.734898824,9.942631171
1.636269762,0.719266075,9.952830058
1.643462422,0.703569276,9.96203367
1.650498115,0.687809817,9.970241088
1.657376213,0.671989098,9.977451489
1.664096104,0.65610852,9.983664154
1.67065719,0.640169493,9.98887846
1.677058885,0.624173428,9.993093887
1.683300619,0.608121744,9.996310013
1.689381836,0.592015865,9.998526517
1.695301995,0.575857218,9.999743176
1.701060567,0.559647235,9.999959869
1.706657039,0.543387355,9.999176574
1.712090913,0.527079018,9.99739337
1.717361703,0.51072367,9.994610435
1.72246894,0.494322762,9.990828048
1.727412167,0.477877748,9.986046586
1.732190945,0.461390087,9.980266527
1.736804846,0.444861241,9.97348845
1.741253458,0.428292676,9.965713033
1.745536385,0.411685862,9.956941053
1.749653244,0.395042273,9.947173387
1.753603666,0.378363386,9.936411011
1.7573873,0.361650681,9.924655003
1.761003807,0.344905642,9.911906538
1.764452863,0.328129757,9.89816689
1.767734161,0.311324514,9.883437434
1.770847406,0.294491408,9.867719643
1.77379232,0.277631933,9.851015087
1.77656864,0.260747589,9.833325439
1.779176115,0.243839877,9.814652466
1.781614514,0.2269103,9.794998036
1.783883617,0.209960365,9.774364114
1.785983221,0.192991579,9.752752764
1.787913137,0.176005454,9.730166147
1.789673191,0.159003502,9.706606521
1.791263226,0.141987237,9.682076243
1.792683099,0.124958176,9.656577765
1.79393268,0.107917837,9.630113638
1.795011859,0.090867739,9.602686507
1.795920536,0.073809404,9.574299116
1.79665863,0.056744354,9.544954302
1.797226074,0.039674113,9.514655002
1.797622815,0.022600205,9.483404243
1.797848817,0.005524156,9.451205152
1.797904058,-0.011552507,9.418060949
1.797788533,-0.028628256,9.383974947
1.797502251,-0.045701564,9.348950555
1.797045235,-0.062770901,9.312991276
1.796417526,-0.07983474,9.276100706
1.795619179,-0.09689155,9.238282534
1.794650263,-0.113939802,9.199540541
1.793510865,-0.130977967,9.159878601
1.792201086,-0.148004515,9.119300682
1.79072104,-0.165017918,9.07781084
1.789070861,-0.182016645,9.035413224
1.787250695,-0.198999169,8.992112075
1.785260703,-0.215963962,8.947911721
1.783101063,-0.232909497,8.902816585
1.780771969,-0.249834247,8.856831173
1.778273626,-0.266736687,8.809960087
1.775606259,-0.283615293,8.762208011
1.772770106,-0.300468541,8.713579722
1.769765421,-0.31729491,8.664080082
1.766592472,-0.334092878,8.613714042
1.763251543,-0.350860928,8.562486637
1.759742934,-0.367597542,8.510402991
1.756066958,-0.384301204,8.457468311
1.752223946,-0.400970402,8.403687892
1.748214242,-0.417603624,8.349067111
1.744038206,-0.43419936,8.29361143
1.739696212,-0.450756104,8.237326395
1.735188651,-0.467272351,8.180217635
1.730515928,-0.483746599,8.122290859
1.725678462,-0.500177349,8.063551861
1.720676688,-0.516563106,8.004006514
1.715511057,-0.532902374,7.943660774
1.710182034,-0.549193664,7.882520674
1.704690097,-0.565435489,7.820592328
1.699035742,-0.581626364,7.75788193
1.693219478,-0.597764809,7.69439575
1.68724183,-0.613849348,7.630140137
1.681103337,-0.629878507,7.565121516
1.674804552,-0.645850817,7.49934639
1.668346044,-0.661764812,7.432821335
1.661728395,-0.677619031,7.365553004
1.654952205,-0.693412017,7.297548124
1.648018085,-0.709142316,7.228813495
1.640926662,-0.724808482,7.159355991
1.633678577,-0.740409069,7.089182557
1.626274486,-0.755942639,7.018300211
1.61871506,-0.771407758,6.946716041
1.611000982,-0.786802996,6.874437205
1.603132952,-0.802126929,6.801470931
1.595111683,-0.817378139,6.727824515
1.586937902,-0.832555211,6.653505323
1.57861235,-0.847656737,6.578520786
1.570135782,-0.862681316,6.502878402
1.561508969,-0.87762755,6.426585735
1.552732694,-0.892494047,6.349650416
1.543807753,-0.907279424,6.272080136
1.534734959,-0.921982301,6.193882654
1.525515136,-0.936601306,6.115065789
1.516149123,-0.951135072,6.035637422
1.506637772,-0.965582239,5.955605497
1.49698195,-0.979941455,5.874978016
1.487182535,-0.994211372,5.793763042
1.477240421,-1.008390651,5.711968697
1.467156515,-1.022477959,5.629603159
1.456931735,-1.036471971,5.546674666
1.446567016,-1.050371369,5.46319151
1.436063302,-1.064174841,5.379162039
1.425421553,-1.077881083,5.294594657
1.414642743,-1.091488801,5.20949782
1.403727855,-1.104996705,5.123880037
1.392677888,-1.118403515,5.037749871
1.381493852,-1.131707959,4.951115933
1.370176773,-1.144908772,4.863986889
1.358727685,-1.158004699,4.776371449
1.347147638,-1.170994491,4.688278377
1.335437693,-1.183876909,4.59971648
1.323598924,-1.196650722,4.510694616
1.311632417,-1.209314709,4.421221686
1.29953927,-1.221867655,4.331306637
1.287320593,-1.234308356,4.240958462
1.27497751,-1.246635618,4.150186194
1.262511154,-1.258848253,4.058998911
1.249922671,-1.270945085,3.967405731
1.23721322,-1.282924947,3.875415815
1.224383971,-1.29478668,3.783038359
1.211436104,-1.306529136,3.690282604
1.198370813,-1.318151176,3.597157823
1.185189301,-1.329651672,3.503673329
1.171892784,-1.341029505,3.40983847
1.158482489,-1.352283565,3.315662631
1.144959653,-1.363412756,3.221155229
1.131325526,-1.374415987,3.126325713
1.117581366,-1.385292182,3.031183567
1.103728444,-1.396040274,2.935738306
1.089768041,-1.406659205,2.839999473
1.075701449,-1.41714793,2.743976643
1.06152997,-1.427505414,2.647679417
1.047254916,-1.437730633,2.551117426
1.03287761,-1.447822574,2.454300325
1.018399384,-1.457780235,2.357237796
1.003821581,-1.467602626,2.259939545
0.989145555,-1.477288768,2.162415302
0.974372667,-1.486837694,2.064674819
0.959504291,-1.496248447,1.966727871
0.944541806,-1.505520083,1.868584251
0.929486605,-1.51465167,1.770253775
0.914340089,-1.523642288,1.671746275
0.899103666,-1.532491028,1.573071601
0.883778755,-1.541196994,1.474239622
0.868366785,-1.549759302,1.37526022
0.852869192,-1.55817708,1.276143292
0.837287422,-1.566449469,1.176898752
0.821622927,-1.574575622,1.077536523
0.805877171,-1.582554705,0.978066541
0.790051624,-1.590385897,0.878498753
0.774147765,-1.598068388,0.778843116
0.758167081,-1.605601384,0.679109596
0.742111067,-1.6129841,0.579308165
0.725981226,-1.620215769,0.479448803
0.709779068,-1.627295633,0.379541498
0.693506112,-1.634222949,0.279596238
0.677163882,-1.640996987,0.179623019
0.660753913,-1.64761703,0.079631838
0.644277742,-1.654082377,-0.020367306
0.627736919,-1.660392337,-0.120364414
0.611132995,-1.666546235,-0.220349485
0.594467533,-1.672543409,-0.320312522
0.577742099,-1.678383211,-0.420243527
0.560958267,-1.684065007,-0.520132509
0.544117617,-1.689588177,-0.619969477
0.527221735,-1.694952116,-0.71974445
0.510272214,-1.700156231,-0.819447448
0.493270651,-1.705199945,-0.919068502
0.476218652,-1.710082695,-1.018597651
0.459117825,-1.714803933,-1.11802494
0.441969786,-1.719363124,-1.217340428
0.424776154,-1.723759748,-1.316534182
0.407538557,-1.7279933,-1.415596285
0.390258624,-1.732063291,-1.514516829
0.372937991,-1.735969244,-1.613285922
0.355578299,-1.739710698,-1.711893689
0.338181192,-1.743287209,-1.810330267
0.320748319,-1.746698344,-1.908585814
0.303281336,-1.749943689,-2.006650504
0.285781899,-1.753022842,-2.10451453
0.268251671,-1.755935418,-2.202168107
0.250692317,-1.758681046,-2.299601469
0.233105506,-1.761259371,-2.396804872
0.215492912,-1.763670053,-2.493768597
0.197856212,-1.765912768,-2.590482948
0.180197084,-1.767987207,-2.686938252
0.162517212,-1.769893077,-2.783124864
0.144818281,-1.771630098,-2.879033167
0.12710198,-1.77319801,-2.974653568
0.10937,-1.774596565,-3.069976507
0.091624035,-1.775825531,-3.16499245
0.073865779,-1.776884695,-3.259691897
0.056096932,-1.777773855,-3.354065378
0.038319194,-1.778492829,-3.448103454
0.020534265,-1.779041449,-3.541796723
0.002743851,-1.779419562,-3.635135816
-0.015050345,-1.779627032,-3.728111398
-0.032846615,-1.77966374,-3.820714172
-0.050643252,-1.779529581,-3.912934878
-0.068438548,-1.779224467,-4.004764293
-0.086230793,-1.778748327,-4.096193235
-0.104018276,-1.778101105,-4.187212562
-0.121799287,-1.77728276,-4.27781317
-0.139572115,-1.776293269,-4.367986001
-0.157335047,-1.775132626,-4.457722037
-0.175086374,-1.773800839,-4.547012305
-0.192824382,-1.772297932,-4.635847875
-0.210547361,-1.770623949,-4.724219864
-0.228253601,-1.768778945,-4.812119435
-0.24594139,-1.766762996,-4.899537798
-0.26360902,-1.764576192,-4.986466212
-0.281254782,-1.76221864,-5.072895983
-0.298876969,-1.759690461,-5.158818468
-0.316473873,-1.756991797,-5.244225076
-0.334043791,-1.754122803,-5.329107266
-0.351585019,-1.75108365,-5.41345655
-0.369095856,-1.747874528,-5.497264492
-0.386574601,-1.744495642,-5.580522713
-0.404019557,-1.740947213,-5.663222886
-0.42142903,-1.737229478,-5.745356741
-0.438801324,-1.733342693,-5.826916066
-0.456134751,-1.729287128,-5.907892704
-0.473427623,-1.72506307,-5.988278557
-0.490678253,-1.720670823,-6.068065588
-0.507884962,-1.716110705,-6.147245817
-0.525046069,-1.711383055,-6.225811326
-0.542159899,-1.706488224,-6.30375426
-0.559224781,-1.701426582,-6.381066823
-0.576239047,-1.696198513,-6.457741286
-0.593201032,-1.690804421,-6.533769979
-0.610109077,-1.685244723,-6.609145301
-0.626961524,-1.679519853,-6.683859714
-0.643756722,-1.673630262,-6.757905746
-0.660493025,-1.667576418,-6.831275994
-0.677168789,-1.661358804,-6.903963119
-0.693782377,-1.654977919,-6.975959854
-0.710332156,-1.64843428,-7.047258999
-0.726816499,-1.641728418,-7.117853424
-0.743233783,-1.634860881,-7.187736069
-0.759582392,-1.627832234,-7.256899947
-0.775860714,-1.620643057,-7.325338141
-0.792067145,-1.613293947,-7.393043807
-0.808200084,-1.605785516,-7.460010175
-0.82425794,-1.598118392,-7.526230548
-0.840239124,-1.590293221,-7.591698304
-0.856142056,-1.582310662,-7.656406897
-0.871965162,-1.574171392,-7.720349855
-0.887706876,-1.565876103,-7.783520785
-0.903365637,-1.557425503,-7.84591337
-0.918939892,-1.548820315,-7.907521369
-0.934428096,-1.540061278,-7.968338623
-0.949828708,-1.531149149,-8.02835905
-0.9651402,-1.522084696,-8.087576648
-0.980361047,-1.512868706,-8.145985494
-0.995489734,-1.503501982,-8.203579749
-1.010524754,-1.493985339,-8.260353653
-1.025464607,-1.484319609,-8.316301528
-1.040307803,-1.474505642,-8.37141778
-1.05505286,-1.464544299,-8.425696897
-1.069698303,-1.454436458,-8.479133452
-1.084242667,-1.444183013,-8.5317221
-1.098684497,-1.433784872,-8.583457583
-1.113022346,-1.423242958,-8.634334728
-1.127254776,-1.412558208,-8.684348446
-1.141380358,-1.401731577,-8.733493737
-1.155397673,-1.390764031,-8.781765686
-1.169305314,-1.379656553,-8.829159465
-1.183101879,-1.368410139,-8.875670336
-1.196785981,-1.357025802,-8.921293647
-1.210356239,-1.345504566,-8.966024836
-1.223811284,-1.333847473,-9.00985943
-1.237149759,-1.322055576,-9.052793046
-1.250370315,-1.310129945,-9.09482139
-1.263471614,-1.298071661,-9.13594026
-1.276452331,-1.285881823,-9.176145543
-1.289311149,-1.27356154,-9.215433219
-1.302046764,-1.261111938,-9.253799359
-1.314657884,-1.248534153,-9.291240127
-1.327143225,-1.235829339,-9.327751779
-1.339501519,-1.222998661,-9.363330664
-1.351731505,-1.210043297,-9.397973223
-1.363831938,-1.19696444,-9.431675993
-1.375801583,-1.183763296,-9.464435603
-1.387639216,-1.170441082,-9.496248777
-1.399343627,-1.156999031,-9.527112335
-1.410913617,-1.143438387,-9.557023189
-1.422348001,-1.129760408,-9.585978349
-1.433645605,-1.115966363,-9.613974919
-1.444805268,-1.102057535,-9.641010099
-1.455825844,-1.08803522,-9.667081187
-1.466706196,-1.073900724,-9.692185574
-1.477445203,-1.059655369,-9.716320751
-1.488041757,-1.045300485,-9.739484304
-1.498494762,-1.030837416,-9.761673917
-1.508803136,-1.016267519,-9.78288737
-1.518965811,-1.001592161,-9.803122543
-1.528981733,-0.986812721,-9.822377412
-1.53884986,-0.97193059,-9.840650051
-1.548569166,-0.956947171,-9.857938633
-1.558138638,-0.941863876,-9.87424143
-1.567557276,-0.926682131,-9.889556811
-1.576824098,-0.91140337,-9.903883244
-1.585938131,-0.896029042,-9.917219297
-1.594898422,-0.880560601,-9.929563637
-1.603704028,-0.864999518,-9.940915029
-1.612354023,-0.849347269,-9.951272337
-1.620847496,-0.833605344,-9.960634526
-1.629183549,-0.817775242,-9.96900066
-1.637361301,-0.801858471,-9.976369903
-1.645379886,-0.785856551,-9.982741517
-1.653238452,-0.76977101,-9.988114865
-1.660936162,-0.753603387,-9.992489409
-1.668472196,-0.737355229,-9.995864714
-1.675845748,-0.721028094,-9.99824044
-1.683056029,-0.704623547,-9.99961635
-1.690102264,-0.688143165,-9.999992307
-1.696983696,-0.671588532,-9.999368273
-1.703699581,-0.65496124,-9.997744311
-1.710249194,-0.638262892,-9.995120582
-1.716631823,-0.621495098,-9.99149735
-1.722846774,-0.604659476,-9.986874976
-1.728893368,-0.587757653,-9.981253924
-1.734770945,-0.570791262,-9.974634754
-1.740478858,-0.553761948,-9.967018129
-1.746016477,-0.536671359,-9.95840481
-1.751383191,-0.519521154,-9.94879566
-1.756578402,-0.502312997,-9.938191638
-1.761601532,-0.48504856,-9.926593805
-1.766452018,-0.467729523,-9.914003321
-1.771129313,-0.450357571,-9.900421445
-1.775632889,-0.432934397,-9.885849535
-1.779962233,-0.415461701,-9.870289048
-1.78411685,-0.397941188,-9.853741541
-1.788096262,-0.380374569,-9.836208667
-1.791900007,-0.362763563,-9.817692182
-1.795527643,-0.345109893,-9.798193935
-1.798978742,-0.327415288,-9.777715876
-1.802252895,-0.309681484,-9.756260055
-1.80534971,-0.29191022,-9.733828615
-1.808268812,-0.274103242,-9.710423801
-1.811009844,-0.256262301,-9.686047952
-1.813572467,-0.238389151,-9.660703507
-1.815956359,-0.220485552,-9.634392999
-1.818161214,-0.202553268,-9.607119061
-1.820186747,-0.184594069,-9.578884418
-1.822032688,-0.166609727,-9.549691895
-1.823698785,-0.148602018,-9.51954441
-1.825184805,-0.130572723,-9.488444979
-1.826490532,-0.112523626,-9.456396712
-1.827615768,-0.094456514,-9.423402812
-1.828560334,-0.076373178,-9.389466581
-1.829324065,-0.058275412,-9.35459141
-1.82990682,-0.040165012,-9.318780788
-1.83030847,-0.022043777,-9.282038296
-1.830528907,-0.003913509,-9.244367607
-1.830568043,0.014223988,-9.20577249
-1.830425803,0.032366908,-9.166256803
-1.830102134,0.050513442,-9.125824498
-1.829596999,0.068661782,-9.084479618
-1.828910381,0.086810116,-9.042226298
-1.82804228,0.104956631,-8.999068762
-1.826992714,0.123099512,-8.955011328
-1.825761719,0.141236946,-8.910058399
-1.824349349,0.159367115,-8.864214472
-1.822755678,0.177488205,-8.817484132
-1.820980796,0.195598398,-8.76987205
-1.819024812,0.213695876,-8.721382988
-1.816887853,0.231778823,-8.672021795
-1.814570065,0.249845421,-8.621793407
-1.812071611,0.267893854,-8.570702847
-1.809392672,0.285922305,-8.518755224
-1.806533449,0.303928958,-8.465955732
-1.80349416,0.321912,-8.412309652
-1.80027504,0.339869616,-8.357822348
-1.796876344,0.357799994,-8.302499269
-1.793298344,0.375701322,-8.246345947
-1.78954133,0.393571792,-8.189367997
-1.785605612,0.411409595,-8.131571117
-1.781491517,0.429212927,-8.072961086
-1.777199387,0.446979983,-8.013543767
-1.772729587,0.464708963,-7.953325099
-1.768082498,0.482398069,-7.892311106
-1.763258517,0.500045505,-7.830507888
-1.758258062,0.517649477,-7.767921626
-1.753081567,0.535208197,-7.704558578
-1.747729485,0.552719879,-7.640425081
-1.742202287,0.570182739,-7.575527548
-1.736500459,0.587594998,-7.509872468
-1.730624509,0.604954883,-7.443466407
-1.72457496,0.62226062,-7.376316006
-1.718352354,0.639510445,-7.308427979
-1.71195725,0.656702595,-7.239809116
-1.705390224,0.673835311,-7.170466277
-1.698651871,0.690906842,-7.100406398
-1.691742802,0.707915439,-7.029636485
-1.684663648,0.72485936,-6.958163613
-1.677415054,0.741736868,-6.885994931
-1.669997686,0.758546232,-6.813137656
-1.662412223,0.775285726,-6.739599072
-1.654659366,0.791953629,-6.665386534
-1.64673983,0.808548229,-6.590507462
-1.638654347,0.825067818,-6.514969346
-1.630403669,0.841510695,-6.438779738
-1.621988562,0.857875166,-6.361946257
-1.613409811,0.874159544,-6.284476587
-1.604668215,0.890362149,-6.206378475
-1.595764594,0.906481307,-6.12765973
-1.586699781,0.922515355,-6.048328224
-1.577474627,0.938462632,-5.96839189
-1.568090001,0.954321491,-5.887858723
-1.558546786,0.970090287,-5.806736774
-1.548845883,0.985767388,-5.725034156
-1.538988209,1.001351168,-5.64275904
-1.528974697,1.016840009,-5.559919652
-1.518806297,1.032232304,-5.476524277
-1.508483974,1.047526452,-5.392581254
-1.49800871,1.062720863,-5.308098978
-1.487381501,1.077813956,-5.223085896
-1.476603362,1.092804159,-5.13755051
-1.46567532,1.107689908,-5.051501373
-1.454598421,1.122469652,-4.964947091
-1.443373724,1.137141848,-4.877896317
-1.432002306,1.151704962,-4.790357758
-1.420485256,1.166157473,-4.702340168
-1.408823682,1.180497868,-4.613852347
-1.397018703,1.194724645,-4.524903145
-1.385071456,1.208836315,-4.435501456
-1.372983093,1.222831395,-4.345656221
-1.360754779,1.236708419,-4.255376424
-1.348387695,1.250465928,-4.164671092
-1.335883036,1.264102476,-4.073549297
-1.323242011,1.277616629,-3.982020151
-1.310465845,1.291006962,-3.890092806
-1.297555775,1.304272065,-3.797776455
-1.284513054,1.31741054,-3.705080329
-1.271338949,1.330420998,-3.612013698
-1.258034739,1.343302066,-3.518585869
-1.244601718,1.35605238,-3.424806185
-1.231041195,1.368670593,-3.330684022
-1.217354489,1.381155366,-3.236228794
-1.203542935,1.393505377,-3.141449946
-1.189607881,1.405719314,-3.046356956
-1.175550688,1.417795881,-2.950959332
-1.161372729,1.429733792,-2.855266615
-1.147075391,1.441531779,-2.759288373
-1.132660074,1.453188583,-2.663034205
-1.118128188,1.464702961,-2.566513736
-1.103481158,1.476073686,-2.469736617
-1.088720421,1.487299541,-2.372712527
-1.073847426,1.498379326,-2.275451168
-1.058863633,1.509311855,-2.177962265
-1.043770514,1.520095956,-2.080255568
-1.028569555,1.530730471,-1.982340848
-1.01326225,1.541214259,-1.884227894
-0.997850107,1.551546191,-1.78592652
-0.982334645,1.561725155,-1.687446554
-0.966717394,1.571750054,-1.588797845
-0.950999893,1.581619806,-1.489990258
-0.935183695,1.591333344,-1.391033673
-0.919270362,1.600889618,-1.291937986
-0.903261466,1.61028759,-1.192713106
-0.88715859,1.619526243,-1.093368955
-0.870963327,1.628604572,-0.993915469
-0.854677282,1.637521589,-0.894362592
-0.838302066,1.646276323,-0.794720279
-0.821839302,1.654867819,-0.694998495
-0.805290624,1.663295137,-0.595207212
-0.788657673,1.671557354,-0.495356409
-0.771942099,1.679653565,-0.39545607
-0.755145564,1.687582881,-0.295516186
-0.738269735,1.695344428,-0.195546751
-0.721316291,1.702937352,-0.095557761
-0.704286917,1.710360813,0.004440784
-0.687183309,1.717613989,0.104438886
-0.670007169,1.724696077,0.204426544
-0.652760208,1.731606289,0.304393759
-0.635444145,1.738343856,0.404330535
-0.618060707,1.744908025,0.504226878
-0.600611627,1.75129806,0.604072799
-0.583098646,1.757513246,0.703858313
-0.565523513,1.763552883,0.803573442
-0.547887985,1.769416288,0.903208215
-0.530193822,1.775102799,1.002752667
-0.512442794,1.78061177,1.102196845
-0.494636676,1.785942572,1.201530804
-0.47677725,1.791094597,1.300744611
-0.458866304,1.796067253,1.399828345
-0.440905632,1.800859967,1.498772097
-0.422897032,1.805472184,1.597565973
-0.40484231,1.809903368,1.696200093
-0.386743277,1.814153001,1.794664596
-0.368601747,1.818220583,1.892949633
-0.350419541,1.822105635,1.991045376
-0.332198484,1.825807694,2.088942017
-0.313940408,1.829326317,2.186629766
-0.295647144,1.83266108,2.284098853
-0.277320534,1.835811576,2.381339532
-0.258962418,1.838777419,2.47834208
-0.240574644,1.841558242,2.575096795
-0.222159061,1.844153696,2.671594003
-0.203717524,1.84656345,2.767824053
-0.18525189,1.848787195,2.863777324
-0.166764018,1.850824639,2.959444219
-0.148255771,1.852675509,3.054815172
-0.129729016,1.854339553,3.149880646
-0.111185621,1.855816536,3.244631135
-0.092627455,1.857106244,3.339057163
-0.074056393,1.858208483,3.433149288
-0.055474308,1.859123075,3.526898101
-0.036883077,1.859849866,3.620294228
-0.018284579,1.860388716,3.713328328
0.000319308,1.860739509,3.805991098
0.018926704,1.860902147,3.898273272
0.037535725,1.860876551,3.990165623
0.056144491,1.860662662,4.08165896
0.074751117,1.860260439,4.172744134
0.093353722,1.859669863,4.263412038
0.11195042,1.858890934,4.353653604
0.13053933,1.857923669,4.443459808
0.149118566,1.856768107,4.53282167
0.167686247,1.855424307,4.621730253
0.18624049,1.853892345,4.710176668
0.204779414,1.852172319,4.798152068
0.223301137,1.850264346,4.885647658
0.24180378,1.848168561,4.972654686
0.260285466,1.84588512,5.059164454
0.278744317,1.8434142,5.145168309
0.297178459,1.840755993,5.230657652
0.315586019,1.837910715,5.315623933
0.333965126,1.8348786,5.400058656
0.352313912,1.8316599,5.483953378
0.370630511,1.828254889,5.567299709
0.38891306,1.824663859,5.650089315
0.407159699,1.820887121,5.732313916
0.42536857,1.816925006,5.813965291
0.44353782,1.812777865,5.895035275
0.461665599,1.808446068,5.975515759
0.479750059,1.803930003,6.055398697
0.497789359,1.799230079,6.1346761
0.51578166,1.794346724,6.213340041
0.533725127,1.789280384,6.291382653
0.551617931,1.784031525,6.368796132
0.569458247,1.778600633,6.445572736
0.587244253,1.772988211,6.521704789
0.604974135,1.767194783,6.597184677
0.622646083,1.76122089,6.672004851
0.640258292,1.755067095,6.746157831
0.657808963,1.748733976,6.819636201
0.675296302,1.742222133,6.892432612
0.692718524,1.735532184,6.964539786
0.710073846,1.728664764,7.035950512
0.727360493,1.721620529,7.106657649
0.744576699,1.714400153,7.176654126
0.7617207,1.707004326,7.245932943
0.778790743,1.699433761,7.314487174
0.795785081,1.691689185,7.382309961
0.812701973,1.683771347,7.449394524
0.829539686,1.675681011,7.515734154
0.846296496,1.667418962,7.581322216
0.862970686,1.658986,7.646152152
0.879560546,1.650382947,7.71021748
0.896064375,1.641610639,7.773511792
0.912480482,1.632669933,7.83602876
0.928807181,1.623561701,7.897762131
0.945042798,1.614286835,7.958705733
0.961185667,1.604846243,8.01885347
0.977234129,1.595240851,8.078199329
0.993186537,1.585471604,8.136737375
1.009041253,1.575539462,8.194461754
1.024796648,1.565445402,8.251366693
1.040451102,1.555190421,8.307446503
1.056003006,1.54477553,8.362695575
1.071450762,1.534201759,8.417108384
1.086792779,1.523470154,8.47067949
1.102027481,1.512581777,8.523403535
1.117153299,1.501537707,8.575275246
1.132168676,1.490339041,8.626289437
1.147072066,1.47898689,8.676441006
1.161861935,1.467482383,8.725724939
1.176536759,1.455826665,8.774136306
1.191095025,1.444020895,8.821670267
1.205535234,1.432066252,8.868322068
1.219855897,1.419963926,8.914087044
1.234055536,1.407715127,8.95896062
1.248132687,1.395321077,9.002938306
1.262085898,1.382783015,9.046015706
1.275913728,1.370102197,9.088188512
1.28961475,1.35727989,9.129452507
1.303187549,1.344317381,9.169803565
1.316630723,1.331215967,9.209237649
1.329942883,1.317976964,9.247750817
1.343122652,1.3046017,9.285339218
1.356168669,1.291091519,9.321999093
1.369079584,1.277447778,9.357726776
1.381854062,1.263671849,9.392518694
1.394490781,1.249765117,9.426371368
1.406988432,1.235728984,9.459281412
1.419345722,1.221564862,9.491245536
1.43156137,1.207274179,9.522260544
1.443634112,1.192858376,9.552323334
1.455562696,1.178318907,9.581430899
1.467345885,1.163657239,9.609580329
1.478982457,1.148874853,9.636768809
1.490471206,1.133973243,9.66299362
1.501810938,1.118953913,9.68825214
1.513000478,1.103818383,9.712541842
1.524038661,1.088568183,9.735860299
1.534924343,1.073204858,9.758205178
1.545656392,1.057729962,9.779574244
1.556233691,1.042145063,9.799965361
1.566655142,1.026451739,9.81937649
1.576919659,1.010651582,9.837805689
1.587026175,0.994746194,9.855251116
1.596973637,0.978737188,9.871711026
1.606761009,0.962626189,9.887183773
1.616387271,0.946414831,9.90166781
1.625851419,0.930104762,9.915161688
1.635152467,0.913697638,9.927664058
1.644289443,0.897195127,9.939173671
1.653261395,0.880598904,9.949689374
1.662067384,0.86391066,9.959210117
1.67070649,0.84713209,9.967734946
1.679177811,0.830264901,9.975263011
1.68748046,0.813310812,9.981793558
1.695613568,0.796271546,9.987325934
1.703576284,0.779148841,9.991859585
1.711367772,0.761944439,9.995394059
1.718987216,0.744660094,9.997929001
1.726433817,0.727297567,9.99946416
1.733706793,0.709858629,9.99999938
1.740805379,0.692345057,9.999534608
1.74772883,0.674758638,9.998069891
1.754476416,0.657101167,9.995605376
1.761047428,0.639374445,9.992141308
1.767441172,0.621580281,9.987678035
1.773656975,0.603720493,9.982216002
1.77969418,0.585796903,9.975755756
1.785552149,0.567811343,9.968297943
1.791230263,0.549765651,9.959843308
1.796727919,0.53166167,9.950392697
1.802044536,0.51350125,9.939947055
1.807179548,0.495286248,9.928507427
1.812132411,0.477018527,9.916074956
1.816902596,0.458699955,9.902650886
1.821489596,0.440332405,9.888236559
1.82589292,0.421917757,9.872833417
1.830112097,0.403457894,9.856443
1.834146676,0.384954706,9.839066946
1.837996223,0.366410088,9.820706994
1.841660324,0.347825937,9.80136498
1.845138583,0.329204157,9.781042837
1.848430625,0.310546654,9.759742598
1.851536092,0.29185534,9.737466393
1.854454645,0.27313213,9.714216449
1.857185966,0.254378941,9.689995092
1.859729756,0.235597696,9.664804744
1.862085733,0.21679032,9.638647923
1.864253636,0.19795874,9.611527245
1.866233223,0.179104887,9.583445423
1.868024272,0.160230694,9.554405264
1.869626579,0.141338096,9.524409672
1.87103996,0.122429031,9.493461647
1.87226425,0.103505439,9.461564285
1.873299305,0.084569261,9.428720773
1.874144997,0.065622439,9.394934397
1.874801222,0.046666919,9.360208536
1.875267891,0.027704644,9.324546662
1.875544937,0.00873756,9.287952341
1.875632313,-0.010232384,9.250429232
1.875529989,-0.029203242,9.211981088
1.875237957,-0.048173067,9.172611754
1.874756226,-0.06713991,9.132325166
1.874084827,-0.086101825,9.091125353
1.873223809,-0.105056863,9.049016436
1.87217324,-0.124003079,9.006002624
1.870933209,-0.142938526,8.962088219
1.869503824,-0.16186126,8.917277613
1.867885211,-0.180769336,8.871575287
1.866077518,-0.199660812,8.824985811
1.86408091,-0.218533748,8.777513843
1.861895572,-0.237386203,8.729164131
1.85952171,-0.256216242,8.67994151
1.856959548,-0.275021928,8.629850903
1.854209329,-0.293801329,8.578897317
1.851271315,-0.312552516,8.527085849
1.84814579,-0.331273561,8.474421679
1.844833055,-0.349962539,8.420910074
1.841333429,-0.36861753,8.366556385
1.837647254,-0.387236615,8.311366048
1.833774888,-0.405817882,8.255344581
1.829716709,-0.424359419,8.198497586
1.825473115,-0.44285932,8.140830748
1.821044522,-0.461315684,8.082349834
1.816431365,-0.479726612,8.023060692
1.811634099,-0.498090211,7.962969251
1.806653197,-0.516404594,7.902081519
1.801489151,-0.534667876,7.840403585
1.796142472,-0.552878181,7.777941618
1.79061369,-0.571033634,7.714701863
1.784903354,-0.58913237,7.650690644
1.77901203,-0.607172526,7.585914363
1.772940305,-0.625152248,7.520379496
1.766688782,-0.643069686,7.454092598
1.760258085,-0.660922998,7.387060297
1.753648855,-0.678710347,7.319289296
1.746861752,-0.696429904,7.250786372
1.739897453,-0.714079847,7.181558375
1.732756654,-0.731658359,7.111612229
1.725440071,-0.749163635,7.040954927
1.717948434,-0.766593872,6.969593536
1.710282496,-0.783947278,6.897535191
1.702443023,-0.801222068,6.824787099
1.694430802,-0.818416466,6.751356533
1.686246638,-0.835528703,6.677250837
1.677891351,-0.85255702,6.602477422
1.66936578,-0.869499664,6.527043765
1.660670784,-0.886354893,6.450957408
1.651807235,-0.903120974,6.374225962
1.642776025,-0.919796183,6.296857097
1.633578063,-0.936378805,6.218858553
1.624214275,-0.952867134,6.140238128
1.614685604,-0.969259475,6.061003684
1.604993009,-0.985554141,5.981163145
1.595137468,-1.001749459,5.900724494
1.585119973,-1.017843761,5.819695776
1.574941536,-1.033835394,5.738085094
1.564603182,-1.049722713,5.655900607
1.554105954,-1.065504085,5.573150535
1.543450914,-1.081177886,5.489843153
1.532639135,-1.096742507,5.405986791
1.52167171,-1.112196346,5.321589835
1.510549746,-1.127537815,5.236660724
1.499274368,-1.142765337,5.151207952
1.487846715,-1.157877347,5.065240063
1.476267941,-1.172872292,4.978765654
1.464539218,-1.18774863,4.891793373
1.452661732,-1.202504833,4.804331917
1.440636684,-1.217139385,4.716390031
1.42846529,-1.231650781,4.62797651
1.416148782,-1.246037531,4.539100196
1.403688407,-1.260298156,4.449769975
1.391085425,-1.274431191,4.359994781
1.378341113,-1.288435186,4.269783591
1.365456761,-1.3023087,4.179145427
1.352433674,-1.316050309,4.088089351
1.339273171,-1.329658603,3.99662447
1.325976585,-1.343132183,3.90475993
1.312545263,-1.356469666,3.812504917
1.298980567,-1.369669683,3.719868656
1.28528387,-1.382730878,3.626860412
1.271456561,-1.395651911,3.533489485
1.257500042,-1.408431456,3.439765212
1.243415727,-1.421068201,3.345696965
1.229205045,-1.433560848,3.251294151
1.214869437,-1.445908118,3.156566211
1.200410356,-1.458108741,3.061522616
1.185829268,-1.470161468,2.966172872
1.171127654,-1.482065062,2.870526513
1.156307003,-1.493818302,2.774593104
1.14136882,-1.505419982,2.678382238
1.12631462,-1.516868914,2.581903536
1.111145931,-1.528163924,2.485166645
1.095864292,-1.539303854,2.38818124
1.080471253,-1.550287562,2.290957019
1.064968378,-1.561113923,2.193503704
1.049357238,-1.571781827,2.095831041
1.03363942,-1.582290182,1.997948796
1.017816518,-1.592637912,1.899866758
1.001890139,-1.602823958,1.801594735
0.9858619,-1.612847275,1.703142554
0.969733427,-1.622706839,1.60452006
0.953506359,-1.63240164,1.505737115
0.937182342,-1.641930686,1.406803598
0.920763035,-1.651293003,1.307729402
0.904250105,-1.660487633,1.208524434
0.887645229,-1.669513636,1.109198614
0.870950093,-1.678370089,1.009761876
0.854166392,-1.687056086,0.910224162
0.837295831,-1.695570742,0.810595427
0.820340123,-1.703913184,0.710885632
0.803300992,-1.712082563,0.61110475
0.786180166,-1.720078043,0.511262758
0.768979385,-1.727898809,0.411369639
0.751700397,-1.735544062,0.311435385
0.734344957,-1.743013023,0.211469987
0.716914827,-1.75030493,0.111483442
0.699411777,-1.75741904,0.011485749
0.681837587,-1.764354628,-0.088513093
0.664194041,-1.771110987,-0.188503083
0.646482931,-1.77768743,-0.288474224
0.628706056,-1.784083287,-0.388416517
0.610865224,-1.790297908,-0.488319968
0.592962244,-1.796330661,-0.588174589
0.574998938,-1.802180933,-0.687970392
0.556977129,-1.807848128,-0.787697399
0.538898647,-1.813331673,-0.887345636
0.520765331,-1.818631011,-0.98690514
0.50257902,-1.823745604,-1.086365954
0.484341564,-1.828674934,-1.185718133
0.466054815,-1.833418501,-1.28495174
0.44772063,-1.837975827,-1.384056854
0.429340872,-1.84234645,-1.483023563
0.410917407,-1.846529929,-1.581841971
0.392452108,-1.850525841,-1.680502196
0.37394685,-1.854333784,-1.778994372
0.355403512,-1.857953375,-1.87730865
0.336823978,-1.861384249,-1.975435199
0.318210135,-1.864626062,-2.073364206
0.299563875,-1.867678489,-2.171085878
0.28088709,-1.870541224,-2.268590444
0.262181678,-1.873213982,-2.365868152
0.243449538,-1.875696496,-2.462909276
0.224692573,-1.877988519,-2.559704111
0.205912688,-1.880089825,-2.656242977
0.187111789,-1.882000205,-2.752516221
0.168291787,-1.883719473,-2.848514216
0.149454593,-1.885247459,-2.944227362
0.130602118,-1.886584016,-3.039646088
0.111736278,-1.887729014,-3.134760852
0.092858988,-1.888682345,-3.229562142
0.073972164,-1.88944392,-3.324040478
0.055077725,-1.890013669,-3.418186414
0.036177588,-1.890391541,-3.511990533
0.017273673,-1.890577508,-3.605443457
-0.001632102,-1.890571558,-3.698535839
-0.020537818,-1.890373702,-3.79125837
-0.039441555,-1.889983967,-3.883601779
-0.058341394,-1.889402404,-3.975556831
-0.077235418,-1.88862908,-4.067114331
-0.096121709,-1.887664084,-4.158265122
-0.11499835,-1.886507524,-4.249000091
-0.133863425,-1.885159527,-4.339310163
-0.15271502,-1.883620241,-4.429186307
-0.171551223,-1.881889832,-4.518619537
-0.190370121,-1.879968487,-4.607600909
-0.209169806,-1.877856412,-4.696121524
-0.22794837,-1.875553834,-4.784172531
-0.246703909,-1.873060996,-4.871745125
-0.265434518,-1.870378164,-4.958830548
-0.2841383,-1.867505622,-5.045420092
-0.302813356,-1.864443674,-5.131505099
-0.321457793,-1.861192642,-5.217076959
-0.340069719,-1.85775287,-5.302127116
-0.358647248,-1.854124718,-5.386647065
-0.377188495,-1.850308568,-5.470628353
-0.395691581,-1.846304821,-5.554062583
-0.414154629,-1.842113895,-5.636941412
-0.432575768,-1.83773623,-5.719256551
-0.450953131,-1.833172283,-5.800999769
-0.469284853,-1.828422531,-5.882162892
-0.487569079,-1.823487469,-5.962737804
-0.505803953,-1.818367613,-6.042716447
-0.523987629,-1.813063497,-6.122090823
-0.542118264,-1.807575672,-6.200852996
-0.560194021,-1.80190471,-6.278995088
-0.578213068,-1.796051201,-6.356509286
-0.59617358,-1.790015753,-6.433387838
-0.614073738,-1.783798994,-6.509623057
-0.631911728,-1.777401569,-6.585207319
-0.649685743,-1.770824143,-6.660133065
-0.667393985,-1.764067398,-6.734392804
-0.685034659,-1.757132034,-6.80797911
-0.702605979,-1.750018771,-6.880884623
-0.720106167,-1.742728346,-6.953102053
-0.73753345,-1.735261513,-7.024624179
-0.754886065,-1.727619046,-7.095443848
-0.772162256,-1.719801737,-7.165553979
-0.789360273,-1.711810393,-7.23494756
-0.806478377,-1.703645841,-7.303617653
-0.823514836,-1.695308925,-7.37155739
-0.840467925,-1.686800507,-7.438759978
-0.85733593,-1.678121467,-7.505218695
-0.874117145,-1.6692727,-7.570926897
-0.890809872,-1.66025512,-7.635878013
-0.907412423,-1.651069658,-7.700065547
-0.923923119,-1.641717262,-7.763483081
-0.940340292,-1.632198897,-7.826124273
-0.956662281,-1.622515544,-7.88798286
-0.972887436,-1.612668202,-7.949052654
-0.989014118,-1.602657886,-8.00932755
-1.005040697,-1.592485627,-8.06880152
-1.020965554,-1.582152473,-8.127468617
-1.036787078,-1.57165949,-8.185322973
-1.052503673,-1.561007756,-8.242358804
-1.068113751,-1.550198369,-8.298570406
-1.083615734,-1.539232441,-8.353952158
-1.099008059,-1.528111101,-8.408498521
-1.11428917,-1.516835493,-8.462204042
-1.129457525,-1.505406775,-8.515063349
-1.144511593,-1.493826125,-8.567071157
-1.159449854,-1.482094731,-8.618222265
-1.174270801,-1.470213799,-8.668511558
-1.188972939,-1.458184551,-8.717934007
-1.203554785,-1.446008222,-8.76648467
-1.218014867,-1.433686063,-8.814158692
-1.232351727,-1.421219339,-8.860951305
-1.246563921,-1.408609329,-8.906857831
-1.260650014,-1.395857329,-8.951873678
-1.274608587,-1.382964647,-8.995994345
-1.288438234,-1.369932605,-9.039215421
-1.30213756,-1.356762541,-9.081532582
-1.315705185,-1.343455805,-9.122941598
-1.329139743,-1.330013761,-9.163438327
-1.342439881,-1.316437788,-9.20301872
-1.355604259,-1.302729277,-9.241678818
-1.368631552,-1.288889632,-9.279414757
-1.381520448,-1.274920272,-9.316222762
-1.394269651,-1.260822627,-9.352099152
-1.406877877,-1.246598142,-9.38704034
-1.419343858,-1.232248273,-9.421042832
-1.431666341,-1.217774488,-9.454103227
-1.443844086,-1.20317827,-9.486218221
-1.455875869,-1.188461111,-9.5173846
-1.46776048,-1.173624519,-9.547599248
-1.479496725,-1.15867001,-9.576859145
-1.491083425,-1.143599113,-9.605161364
-1.502519416,-1.128413371,-9.632503074
-1.51380355,-1.113114335,-9.658881542
-1.524934693,-1.09770357,-9.684294131
-1.535911729,-1.08218265,-9.708738297
-1.546733556,-1.066553162,-9.732211598
-1.557399087,-1.050816701,-9.754711686
-1.567907254,-1.034974876,-9.776236311
-1.578257003,-1.019029304,-9.796783321
-1.588447296,-1.002981613,-9.81635066
-1.598477112,-0.986833442,-9.834936373
-1.608345447,-0.970586439,-9.8525386
-1.618051311,-0.954242262,-9.869155581
-1.627593734,-0.937802577,-9.884785655
-1.636971759,-0.921269064,-9.899427259
-1.64618445,-0.904643407,-9.913078928
-1.655230884,-0.887927302,-9.925739298
-1.664110157,-0.871122454,-9.937407102
-1.672821382,-0.854230575,-9.948081173
-1.681363687,-0.837253387,-9.957760445
-1.689736221,-0.820192621,-9.966443949
-1.697938147,-0.803050014,-9.974130817
-1.705968648,-0.785827313,-9.98082028
-1.713826921,-0.768526271,-9.986511669
-1.721512183,-0.751148651,-9.991204416
-1.72902367,-0.733696221,-9.99489805
-1.736360632,-0.716170759,-9.997592203
-1.74352234,-0.698574048,-9.999286605
-1.75050808,-0.680907878,-9.999981087
-1.757317159,-0.663174047,-9.999675579
-1.763948899,-0.645374359,-9.998370111
-1.770402643,-0.627510624,-9.996064815
-1.776677749,-0.609584658,-9.992759921
-1.782773596,-0.591598284,-9.98845576
-1.788689579,-0.573553331,-9.983152761
-1.794425112,-0.555451631,-9.976851455
-1.799979628,-0.537295026,-9.969552472
-1.805352579,-0.519085358,-9.961256542
-1.810543432,-0.500824478,-9.951964495
-1.815551677,-0.48251424,-9.94167726
-1.820376819,-0.464156504,-9.930395865
-1.825018384,-0.445753134,-9.918121439
-1.829475916,-0.427305996,-9.904855209
-1.833748976,-0.408816965,-9.890598502
-1.837837145,-0.390287914,-9.875352743
-1.841740024,-0.371720725,-9.859119457
-1.845457232,-0.353117281,-9.841900268
-1.848988405,-0.334479467,-9.823696896
-1.852333199,-0.315809175,-9.804511163
-1.855491291,-0.297108297,-9.784344988
-1.858462374,-0.278378728,-9.763200385
-1.861246161,-0.259622366,-9.741079471
-1.863842385,-0.240841112,-9.717984457
-1.866250796,-0.222036869,-9.693917653
-1.868471165,-0.203211541,-9.668881465
-1.87050328,-0.184367035,-9.642878397
-1.87234695,-0.165505258,-9.615911049
-1.874002003,-0.14662812,-9.587982118
-1.875468284,-0.127737531,-9.559094397
-1.876745659,-0.108835404,-9.529250775
-1.877834014,-0.089923651,-9.498454235
-1.87873325,-0.071004185,-9.466707858
-1.879443292,-0.052078919,-9.434014818
-1.879964081,-0.033149767,-9.400378384
-1.880295579,-0.014218643,-9.36580192
-1.880437765,0.004712539,-9.330288884
-1.88039064,0.023641867,-9.293842827
-1.880154221,0.042567426,-9.256467393
-1.879728547,0.061487306,-9.21816632
-1.879113674,0.080399595,-9.178943438
-1.878309678,0.099302384,-9.13880267
-1.877316654,0.118193762,-9.097748028
-1.876134716,0.137071824,-9.05578362
-1.874763998,0.155934664,-9.012913641
-1.873204651,0.174780378,-8.969142378
-1.871456848,0.193607065,-8.924474208
-1.869520777,0.212412825,-8.878913598
-1.867396649,0.231195762,-8.832465105
-1.865084691,0.249953982,-8.785133372
-1.862585151,0.268685593,-8.736923133
-1.859898295,0.287388707,-8.687839209
-1.857024408,0.30606144,-8.637886508
-1.853963794,0.32470191,-8.587070026
-1.850716775,0.343308238,-8.535394844
-1.847283692,0.361878551,-8.48286613
-1.843664907,0.380410978,-8.429489136
-1.839860797,0.398903654,-8.3752692
-1.835871761,0.417354717,-8.320211745
-1.831698213,0.43576231,-8.264322275
-1.82734059,0.45412458,-8.20760638
-1.822799345,0.472439681,-8.15006973
-1.818074948,0.49070577,-8.091718081
-1.81316789,0.508921009,-8.032557267
-1.80807868,0.527083569,-7.972593204
-1.802807844,0.545191621,-7.911831888
-1.797355928,0.563243348,-7.850279395
-1.791723495,0.581236934,-7.787941881
-1.785911125,0.599170573,-7.724825579
-1.77991942,0.617042462,-7.660936802
-1.773748995,0.634850807,-7.596281936
-1.767400487,0.65259382,-7.530867449
-1.760874549,0.670269719,-7.464699882
-1.754171851,0.687876732,-7.397785851
-1.747293084,0.70541309,-7.330132047
-1.740238953,0.722877035,-7.261745236
-1.733010183,0.740266816,-7.192632257
-1.725607515,0.757580688,-7.122800021
-1.718031708,0.774816915,-7.05225551
-1.710283539,0.791973771,-6.98100578
-1.702363801,0.809049535,-6.909057955
-1.694273306,0.826042497,-6.83641923
-1.686012881,0.842950954,-6.763096869
-1.677583371,0.859773214,-6.689098204
-1.668985639,0.876507593,-6.614430634
-1.660220563,0.893152414,-6.539101627
-1.651289039,0.909706012,-6.463118715
-1.642191979,0.926166731,-6.386489497
-1.632930312,0.942532925,-6.309221635
-1.623504982,0.958802956,-6.231322857
-1.613916953,0.974975198,-6.152800951
-1.604167201,0.991048035,-6.07366377
-1.59425672,1.007019859,-5.993919228
-1.584186522,1.022889076,-5.913575299
-1.573957631,1.038654099,-5.832640017
-1.56357109,1.054313355,-5.751121476
-1.553027956,1.069865281,-5.669027828
-1.542329304,1.085308323,-5.586367282
-1.53147622,1.100640941,-5.503148103
-1.520469811,1.115861606,-5.419378615
-1.509311195,1.130968798,-5.335067193
-1.498001507,1.145961013,-5.250222269
-1.486541897,1.160836754,-5.164852327
-1.474933529,1.17559454,-5.078965904
-1.463177584,1.190232901,-4.992571589
-1.451275255,1.204750378,-4.90567802
-1.439227751,1.219145525,-4.818293888
-1.427036296,1.233416911,-4.730427931
-1.414702127,1.247563113,-4.642088935
-1.402226496,1.261582725,-4.553285733
-1.389610668,1.275474353,-4.464027207
-1.376855925,1.289236614,-4.374322282
-1.363963559,1.302868142,-4.284179929
-1.350934877,1.316367581,-4.193609161
-1.337771202,1.329733589,-4.102619035
-1.324473866,1.342964841,-4.011218651
-1.311044217,1.356060022,-3.919417149
-1.297483617,1.369017832,-3.827223708
-1.283793439,1.381836985,-3.734647548
-1.269975069,1.394516211,-3.641697926
-1.256029907,1.407054252,-3.548384138
-1.241959364,1.419449865,-3.454715514
-1.227764866,1.431701821,-3.360701421
-1.213447847,1.443808909,-3.266351261
-1.199009758,1.455769927,-3.171674469
-1.184452059,1.467583694,-3.076680511
-1.169776222,1.479249039,-2.981378889
-1.154983732,1.49076481,-2.885779131
-1.140076084,1.502129867,-2.789890797
-1.125054785,1.513343087,-2.693723477
-1.109921354,1.524403364,-2.597286786
-1.09467732,1.535309604,-2.500590369
-1.079324224,1.546060731,-2.403643896
-1.063863617,1.556655685,-2.306457059
-1.04829706,1.56709342,-2.209039579
-1.032626126,1.577372909,-2.111401197
-1.016852397,1.587493137,-2.013551676
-1.000977465,1.597453109,-1.915500802
-0.985002934,1.607251845,-1.81725838
-0.968930416,1.616888379,-1.718834233
-0.952761532,1.626361765,-1.620238204
-0.936497915,1.635671073,-1.521480153
-0.920141204,1.644815386,-1.422569955
-0.90369305,1.653793809,-1.323517501
